1,a,하나의,elementary
2,abandon,버리다,intermediate
3,able,할 수 있는,intermediate
4,aboard,배로,intermediate
5,abort,유산하다,expert
6,about,-에 대하여,elementary
7,above,-보다 위에,elementary
8,abroad,외국으로,intermediate
9,absent,부재의,intermediate
10,absolute,절대의,intermediate
11,absorb,흡수하다,intermediate
12,abstract,추상적인,intermediate
13,absurd,불합리한,expert
14,abundant,풍부한,intermediate
15,abuse,남용,intermediate
16,academy,학술원,elementary
17,accelerate,가속하다 속도가 가해지다,intermediate
18,accent,액센트,elementary
19,accept,받아들이다,intermediate
20,access,접근,intermediate
21,accident,뜻밖의 사건,elementary
22,accommodate,수용하다,intermediate
23,accompany,동반하다,intermediate
24,accomplish,이루다,intermediate
25,accord,일치하다,expert
26,account,설명하다 계산,intermediate
27,accumulate,축적하다,expert
28,accurate,정확한,intermediate
29,accuse,고발하다,intermediate
30,achieve,성취하다,intermediate
31,acid,산 신,intermediate
32,acknowledge,인정하다,intermediate
33,acquaint,알리다,expert
34,acquire,얻다,intermediate
35,acquisition,획득,expert
36,across,가로질러,elementary
37,act,행동하다,elementary
38,activate,활동적으로 하다,intermediate
39,actual,현실의,intermediate
40,acute,날카로운,intermediate
41,adapt,적용시키다,intermediate
42,add,추가하다,elementary
43,addict,열중하게 하다,intermediate
44,address,말을 걸다,elementary
45,adequate,충분한,intermediate
46,adjust,맞추다,intermediate
47,administer,관리하다,intermediate
48,admire,감복하다,intermediate
49,admission,입장,intermediate
50,admit,받아들이다,intermediate
51,adolescent,청년기의,intermediate
52,adopt,채용하다,intermediate
53,adult,성인,elementary
54,advance,나아가다,intermediate
55,advantage,유리한 입장,intermediate
56,adventure,모험 모험하다,elementary
57,adverse,거꾸로의,expert
58,advertize,광고하다,intermediate
59,advise,충고하다,elementary
60,advocate,변호사,intermediate
61,aesthetic,미적인,expert
62,affair,일,intermediate
63,affect,영향을 주다,intermediate
64,affection,애정,intermediate
65,affiliate,회원으로 가입시키다,expert
66,afford,여유가 있다,intermediate
67,afraid,두려워하여,elementary
68,after,후에,elementary
69,afternoon,오후,elementary
70,again,다시,elementary
71,against,…에 반대하여,elementary
72,age,연령,elementary
73,agency,기능,intermediate
74,agenda,안건,intermediate
75,agent,대리인,intermediate
76,aggressive,침략적인,intermediate
77,ago,이전에,elementary
78,agree,동의하다,elementary
79,agriculture,농업,intermediate
80,ahead,전방에,elementary
81,aid,도와 주다,intermediate
82,aim,겨누다,intermediate
83,air,공기,elementary
84,airplane,비행기,elementary
85,aircraft,항공기,intermediate
86,airline,정기항공,elementary
87,airport,공항,elementary
88,aisle,측면복도,intermediate
89,alert,빈틈없는,intermediate
90,alien,외국의,intermediate
91,alike,비슷한,intermediate
92,alive,살아있는,intermediate
93,all,모든,elementary
94,allocate,할당하다,expert
95,allow,허락하다,intermediate
96,ally,동맹하다,intermediate
97,almost,거의,elementary
98,alone,다만 홀로(혼자서),elementary
99,along,-을 따라,elementary
100,alongside,-의 곁에,intermediate
101,aloud,큰 소리로,elementary
102,already,이미,elementary
103,alright,더할나위없이,elementary
104,also,-도 또한,elementary
105,alter,바꾸다,intermediate
106,alternative,어느 한쪽의 양자택일,intermediate
107,although,비록 -일지라도,intermediate
108,altogether,전혀,intermediate
109,always,늘,elementary
110,A.M.,오전,elementary
111,amaze,깜짝 놀라게 하다,intermediate
112,ambassador,대사,intermediate
113,ambition,야심,intermediate
114,among,-중에,intermediate
115,amount,(금액이)-이 되다,intermediate
116,amplify,확대하다,expert
117,amuse,재미나게 하다,intermediate
118,analyze,분해하다,intermediate
119,anchor,닻,intermediate
120,ancient,옛날의,intermediate
121,and,및,elementary
122,angel,천사,elementary
123,anger,성,elementary
124,angle,각,intermediate
125,animal,동물,elementary
126,anniversary,기념일 예년의,intermediate
127,announce,알리다,intermediate
128,annoy,귀찮게하다,intermediate
129,annual,일년의,intermediate
130,another,또 하나,elementary
131,answer,대답,elementary
132,ant,개미,elementary
133,anticipate,예기하다,intermediate
134,anxiety,근심,intermediate
135,anxious,걱정되는,intermediate
136,any,어떤,elementary
137,apart,떨어져서,intermediate
138,apology,사과,intermediate
139,apparent,명백한,intermediate
140,appeal,간청하다,intermediate
141,appear,나타나다,intermediate
142,apple,사과,elementary
143,applicant,지원자,intermediate
144,apply,(물건을)대다,intermediate
145,appoint,지정하다,intermediate
146,appreciate,감상하다,intermediate
147,approach,다가가다,intermediate
148,appropriate,적당한,intermediate
149,approve,시인하다,intermediate
150,approximate,어림셈의,intermediate
151,architect,건축가,intermediate
152,architecture,건축,intermediate
153,archive,기록보관소,expert
154,area,면적,elementary
155,argue,논하다,intermediate
156,arise,생기다,intermediate
157,arm,팔,elementary
158,army,육군,intermediate
159,around,사방에,elementary
160,arrange,가지런히 하다,intermediate
161,arrest,체포하다,intermediate
162,arrive,도착하다,elementary
163,arrow,화살,intermediate
164,art,예술,elementary
165,article,물품,intermediate
166,artificial,인공의,intermediate
167,as,-와 같은 정도로,elementary
168,ash,회,intermediate
169,aside,곁에,intermediate
170,ask,묻다,elementary
171,asleep,잠들은,intermediate
172,aspect,관점,intermediate
173,aspire,열망하다,intermediate
174,assault,습격,expert
175,assemble,모으다,intermediate
176,assert,단언하다,intermediate
177,assess,(세금 등을)사정하다,intermediate
178,asset,자산,intermediate
179,assign,할당하다,intermediate
180,assist,돕다,intermediate
181,associate,연상하다,intermediate
182,assume,취하다,intermediate
183,assure,보증하다,intermediate
184,astonish,놀라게 하다,intermediate
185,at,-에서,elementary
186,athlete,운동가,intermediate
187,atmosphere,대기,intermediate
188,atom,원자,intermediate
189,attach,붙이다,intermediate
190,attack,공격하다,intermediate
191,attain,이르다,intermediate
192,attempt,시도하다,intermediate
193,attend,출석하다,intermediate
194,attention,주의,intermediate
195,attitude,태도,intermediate
196,attorney,변호사,expert
197,attract,끌어 당기다,intermediate
198,attribute,속성,intermediate
199,auction,경매,intermediate
200,audience,청중,intermediate
201,aunt,아주머니,elementary
202,authentic,진짜의,expert
203,author,저자,intermediate
204,autobiography,자서전,intermediate
205,automatic,자동의,intermediate
206,automobile,자동차 자동차의,intermediate
207,available,쓸모있는,intermediate
208,avenue,가로수길,intermediate
209,average,평균,intermediate
210,avoid,피하다,intermediate
211,await,기다리다,intermediate
212,awake,깨우다,intermediate
213,award,상,intermediate
214,aware,알고 있는,intermediate
215,away,떨어져서,elementary
216,awesome,무서운,intermediate
217,awful,두려운,intermediate
218,awkward,어색한,intermediate
219,baby,"갓난아이, 막내   관심사, 골치아픈 일,",elementary
220,back,등,elementary
221,background,배경,elementary
222,bad,나쁜,elementary
223,bake,굽다,elementary
224,balance,균형,intermediate
225,ball,공,elementary
226,balloon,기구,elementary
227,ban,금지,intermediate
228,band,그룹,elementary
229,bang,강타,intermediate
230,bank,둑,elementary
231,bankrupt,파산자,expert
232,bar,막대기,intermediate
233,bare,벌거벗은,intermediate
234,bargain,매매,intermediate
235,bark,짖다,intermediate
236,barn,헛간,intermediate
237,barrier,장벽,intermediate
238,base,기초,elementary
239,baseball,야구,elementary
240,basic,기본의,elementary
241,basis,기초,intermediate
242,basket,바구니,elementary
243,basketball,농구,elementary
244,bat,배트,elementary
245,bath,목욕,elementary
246,bathroom,욕실,elementary
247,battery,전지,elementary
248,battle,전투,elementary
249,bay,만,intermediate
250,be,-이다,elementary
251,beach,해안,elementary
252,beam,광선,intermediate
253,bean,콩,elementary
254,bear,나르다,elementary
255,beard,턱수염,intermediate
256,beast,짐승,intermediate
257,beat,치다,intermediate
258,beauty,아름다움,elementary
259,because,왜냐하면,elementary
260,become,-이 되다,elementary
261,bed,침대,elementary
262,bedroom,침실 성적인,elementary
263,bee,꿀벌,elementary
264,beef,쇠고기,elementary
265,beer,맥주,intermediate
266,before,앞에,elementary
267,beg,청하다,intermediate
268,begin,시작하다,elementary
269,behalf,위함,intermediate
270,behave,행동하다,intermediate
271,behavior,행동,intermediate
272,behind,뒤에,elementary
273,believe,믿다,elementary
274,bell,종,elementary
275,belong,속하다,intermediate
276,below,아래에,elementary
277,bend,구부리다,intermediate
278,beneath,-의 바로 아래에,intermediate
279,benefit,이익,intermediate
280,berry,액과,intermediate
281,beside,-의 곁에,elementary
282,bet,걸다,intermediate
283,betray,배반하다,intermediate
284,between,-의 사이에 사이에,elementary
285,beyond,저편에,intermediate
286,bias,치우침,intermediate
287,bible,"성서, 성경",intermediate
288,bicycle,자전거 자전거를 타다,elementary
289,big,큰,elementary
290,bill,계산서,elementary
291,billion,10억,intermediate
292,bin,궤,intermediate
293,bind,매다,intermediate
294,biography,전기,intermediate
295,biology,생물학,intermediate
296,bird,새,elementary
297,birth,출생,elementary
298,birthday,생일,elementary
299,bishop,주교,expert
300,bit,bite의 과거(분사) 작은 조각,intermediate
301,bite,물다,elementary
302,bitter,쓴,intermediate
303,black,검은,elementary
304,blame,책망하다,intermediate
305,blank,공백,intermediate
306,blanket,담요,intermediate
307,blast,돌풍,expert
308,blend,혼합하다,intermediate
309,bless,축복하다,intermediate
310,blind,눈먼,intermediate
311,blink,(눈을)깜빡거리다,intermediate
312,block,덩어리,elementary
313,blonde,(살결이 흰)금발의 여성,intermediate
314,blood,피,elementary
315,bloom,쇳덩이,intermediate
316,blossom,(과수의)꽃,intermediate
317,blow,강타,intermediate
318,blue,푸른,elementary
319,board,널빤지,elementary
320,boat,배,elementary
321,body,신체,elementary
322,boil,끓다,intermediate
323,bold,대담한,intermediate
324,bomb,폭탄 폭격하다,elementary
325,bond,결속,intermediate
326,bone,뼈,elementary
327,book,책,elementary
328,boom,굉음,intermediate
329,boost,뒤를 밀기,intermediate
330,boot,목이 긴 구두,elementary
331,border,가장자리,intermediate
332,bore,고조,intermediate
333,borrow,빌다,elementary
334,boss,두목,elementary
335,both,쌍방의,elementary
336,bother,괴롭히다 근심하다 귀찮음,intermediate
337,bottle,병,elementary
338,bottom,밑바닥,elementary
339,bounce,뛰어오르다,intermediate
340,boundary,경계,intermediate
341,bow,절,intermediate
342,bowl,사발,elementary
343,boy,소년,elementary
344,brain,뇌,elementary
345,brake,브레이크,elementary
346,branch,가지,elementary
347,brand,상표,elementary
348,brave,용감한,elementary
349,bread,빵,elementary
350,break,부수다,elementary
351,breakfast,아침밥,elementary
352,breast,가슴,intermediate
353,breathe,숨쉬다,intermediate
354,breed,기르다,expert
355,breeze,미풍,intermediate
356,brew,양조하다,expert
357,brick,벽돌,intermediate
358,bride,신부,intermediate
359,bridge,다리,elementary
360,brief,단시간의,intermediate
361,bright,밝은,elementary
362,brilliant,빛나는,intermediate
363,bring,가져오다,elementary
364,broad,(폭이)넓은,intermediate
365,broadcast,방송하다,intermediate
366,brother,형제,elementary
367,brown,갈색의 갈색,elementary
368,brush,솔,elementary
369,brute,야수 짐승같은,expert
370,bubble,거품 거품이 일다,elementary
371,budget,예산,intermediate
372,bug,벌레,elementary
373,build,짓다,elementary
374,bulk,부피,expert
375,bull,황소,intermediate
376,bullet,탄환,intermediate
377,bully,약한 자를 못살게 구는 자,intermediate
378,bump,충돌 부딪치다,intermediate
379,bunch,송이,intermediate
380,bundle,다발,intermediate
381,burden,후렴,intermediate
382,burn,시내,elementary
383,burst,파열하다,intermediate
384,bury,묻다,intermediate
385,bush,덤불,intermediate
386,business,직업,elementary
387,busy,바쁜,elementary
388,but,그러나 다만 (-을)제외하고,elementary
389,butcher,정육점주인,intermediate
390,button,단추 단추를 채우다 단추로 채워지다,elementary
391,buy,사다,elementary
392,buzz,윙윙거리는 소리,intermediate
393,by,곁에,elementary
394,cab,택시,intermediate
395,cabin,선실,intermediate
396,cable,해저전신,intermediate
397,cage,새장,elementary
398,calculate,계산하다,intermediate
399,calendar,달력,elementary
400,call,부르다,elementary
401,calm,평온한,elementary
402,can,au-할 수 있다,elementary
403,cancel,취소하다,intermediate
404,cancer,암,intermediate
405,candidate,지원자,intermediate
406,candy,사탕과자,elementary
407,canvas,돛베,intermediate
408,cap,모자,elementary
409,capable,할 수 있는,intermediate
410,cape,곶,intermediate
411,capital,수위의,intermediate
412,captain,우두머리(chief),elementary
413,caption,표제,expert
414,capture,붙잡다(catch),intermediate
415,car,자동차,elementary
416,care,걱정,elementary
417,career,경력,intermediate
418,carrot,당근,elementary
419,carry,나르다,elementary
420,cart,(2륜)짐마차,elementary
421,carve,조각하다,intermediate
422,case,경우,elementary
423,cash,현금 현금으로 바꾸다 현금의,elementary
424,cast,던지다,intermediate
425,castle,성,elementary
426,casual,우연한,intermediate
427,cat,고양이,elementary
428,catch,붙잡다,elementary
429,category,범주,intermediate
430,cater,음식물을 마련하다,expert
431,cathedral,대성당,expert
432,cattle,소,intermediate
433,causal,원인의,intermediate
434,cause,원인,intermediate
435,caution,조심,intermediate
436,cave,동굴 굴을 파다 꺼지다,intermediate
437,cease,그만두다 그치다 중지,intermediate
438,ceiling,천장,intermediate
439,celebrate,경축하다,intermediate
440,celebrity,명성,intermediate
441,cell,작은 방,intermediate
442,censor,검열관,intermediate
443,century,1세기,intermediate
444,certain,확신하는,elementary
445,certificate,증명서,intermediate
446,chain,사슬,elementary
447,chair,의장,elementary
448,chairman,의장,intermediate
449,challenge,도전,intermediate
450,chamber,방,expert
451,chance,우연,elementary
452,change,변화,elementary
453,chaos,혼돈,intermediate
454,character,인격,intermediate
455,characteristic,특유한,intermediate
456,charge,요금,intermediate
457,charity,자비,intermediate
458,charm,매력,intermediate
459,chase,쫓다,intermediate
460,chat,잡담,intermediate
461,cheap,값싼,elementary
462,check,방해,elementary
463,cheek,볼,intermediate
464,cheer,갈채,intermediate
465,chef,쿡,intermediate
466,chemical,화학의,intermediate
467,chemistry,화학,intermediate
468,chest,가슴팍,intermediate
469,chew,씹다,intermediate
470,chief,우두머리,intermediate
471,child,아이,elementary
472,chill,차가움,intermediate
473,chin,턱(끝) 턱에 대다,intermediate
474,chip,(나무)토막,intermediate
475,choir,(교회의)성가대,intermediate
476,choose,고르다,elementary
477,chop,(도끼 등으로)자르다,intermediate
478,chorus,합창,intermediate
479,chronic,만성의,expert
480,church,교회,elementary
481,cigarette,궐련,intermediate
482,cinema,영화관,elementary
483,circle,원,elementary
484,circulate,순환하다,intermediate
485,circumstance,환경,intermediate
486,cite,인용하다(quote),intermediate
487,citizen,시민,intermediate
488,city,도시,elementary
489,civil,시민의,intermediate
490,claim,요구하다,intermediate
491,clap,짝짝,intermediate
492,clarify,맑게 하다,intermediate
493,clash,충돌하다,intermediate
494,class,계급,elementary
495,classic,고전의,intermediate
496,classify,분류하다,intermediate
497,classroom,교실,elementary
498,clause,조항,intermediate
499,clay,찰흙,intermediate
500,clean,청결한,elementary
501,clear,맑은,elementary
502,clerk,서기,elementary
503,clever,영리한,elementary
504,client,소송의뢰인,intermediate
505,cliff,절벽,intermediate
506,climate,기후,intermediate
507,climb,기어 오르다,elementary
508,cling,밀착하다,intermediate
509,clinic,병원,intermediate
510,clip,가위로 자르다,elementary
511,clock,시계,elementary
512,close,닫다,elementary
513,cloth,천,elementary
514,cloud,구름,elementary
515,club,클럽,elementary
516,clue,단서,intermediate
517,cluster,떼,intermediate
518,coach,역마차,intermediate
519,coal,석탄,intermediate
520,coast,연안,intermediate
521,code,법전,intermediate
522,coin,화폐,elementary
523,coincide,일치하다,intermediate
524,cold,추운,elementary
525,collaborate,공동으로 일하다,intermediate
526,collapse,붕괴,intermediate
527,collar,칼라,intermediate
528,colleague,동료,intermediate
529,collect,모으다,elementary
530,college,단과대학,elementary
531,colony,식민지,intermediate
532,color,착색하다,elementary
533,column,(신문 등의)난,intermediate
534,combat,격투하다,intermediate
535,combine,결합하다,intermediate
536,come,오다,elementary
537,comedy,희극,elementary
538,comfort,위안,intermediate
539,command,명령하다,intermediate
540,commence,시작하다,expert
541,comment,논평,intermediate
542,commerce,상업,intermediate
543,commission,위임,intermediate
544,commit,위탁하다,intermediate
545,committee,위원회,intermediate
546,commodity,상품,expert
547,communicate,알리다,intermediate
548,communist,공산주의자,intermediate
549,community,공동생활체,intermediate
550,companion,동료,intermediate
551,company,교제,elementary
552,compare,비교하다,intermediate
553,compatible,양립할 수 있는,expert
554,compel,억지로 -시키다,expert
555,compensate,배상하다,expert
556,compete,경쟁하다,intermediate
557,competent,능력있는,intermediate
558,compile,편찬하다,expert
559,complain,불평하다,intermediate
560,complement,보완하는 것,intermediate
561,complete,완성하다,intermediate
562,complex,합성물,intermediate
563,complicate,복잡하게 하다,intermediate
564,component,구성하는 성분,expert
565,compose,구성하다,intermediate
566,compound,성분 등을 혼합하다,expert
567,comprehensive,이해력있는,intermediate
568,comprise,포함하다,expert
569,compromise,타협 타협하다,expert
570,compulsory,의무적인,expert
571,conceal,숨기다,intermediate
572,conceive,상상하다,expert
573,concentrate,집중하다,intermediate
574,concept,개념,intermediate
575,concern,관계하다,intermediate
576,concert,연주회,elementary
577,conclude,결정하다,intermediate
578,concrete,구체적인 응고물,intermediate
579,condemn,나무라다,expert
580,condition,조건,elementary
581,conduct,행위 이끌다,intermediate
582,confer,주다,expert
583,confess,실토하다,intermediate
584,confident,확신하는,intermediate
585,confine,국경,intermediate
586,confirm,확인하다,intermediate
587,conflict,투쟁,intermediate
588,conform,일치시키다,intermediate
589,confront,직면하다,intermediate
590,confuse,혼란시키다,intermediate
591,congratulate,축하하다,elementary
592,congress,회의,intermediate
593,connect,잇다 이어지다,intermediate
594,conscience,양심,intermediate
595,conscious,의식적인,intermediate
596,consensus,(의견 등의)일치,expert
597,consent,승낙하다,expert
598,conserve,보존하다,expert
599,consider,숙고하다,intermediate
600,consist,-으로 이루어지다,intermediate
601,consistent,시종일관한,intermediate
602,constant,불변의,intermediate
603,constitute,구성하다,expert
604,constrain,강제하다,expert
605,construct,건조하다,intermediate
606,consult,상의하다,intermediate
607,consume,소비하다,intermediate
608,contact,접촉,intermediate
609,contain,내포하다,intermediate
610,contemporary,현대의,expert
611,contend,싸우다,expert
612,content,만족하여,intermediate
613,contest,겨루다,elementary
614,context,문맥,intermediate
615,continent,자제심이 있는,intermediate
616,continue,계속하다,intermediate
617,contract,계약,intermediate
618,contradict,반박하다,expert
619,contrary,반대의 반대 거꾸로,intermediate
620,contrast,대조,intermediate
621,contribute,기부하다,intermediate
622,control,억제하다,elementary
623,controversy,논쟁,intermediate
624,convenient,편리한,intermediate
625,convention,관례,expert
626,conversation,회화,intermediate
627,convert,바꾸다,expert
628,convey,나르다,intermediate
629,convict,유죄로 판결하다 죄수,intermediate
630,convince,확신시키다,intermediate
631,cook,요리하다 요리사,elementary
632,cookie,쿠키,elementary
633,cool,서늘한,elementary
634,cooperate,협동하다,intermediate
635,coordinate,동격의,expert
636,cop,순경,intermediate
637,cope,코우프(성직자의 긴 겉옷),intermediate
638,copy,사본,elementary
639,copyright,판권,intermediate
640,cord,밧줄,intermediate
641,core,핵심,intermediate
642,corn,티눈,intermediate
643,corner,모퉁이,elementary
644,corporate,법인조직의,intermediate
645,correct,옳은,intermediate
646,correspond,일치하다,intermediate
647,corridor,복도,expert
648,corrupt,타락한,intermediate
649,cost,가격,elementary
650,costume,복장,intermediate
651,cottage,시골집,intermediate
652,cotton,목화,elementary
653,couch,침대,intermediate
654,cough,기침 기침을 하다 기침을 하여 -을 뱉어내다,intermediate
655,could,aucan의 과거,elementary
656,council,회의,intermediate
657,counsel,의논,intermediate
658,count,계산,intermediate
659,counter,계산하는 사람,intermediate
660,counterpart,부본,expert
661,country,나라,elementary
662,countryside,시골,elementary
663,county,주,expert
664,couple,한 쌍,elementary
665,courage,용기,intermediate
666,cousin,사촌,elementary
667,cover,덮다,elementary
668,cow,위협하다 암소,elementary
669,cowboy,목동,intermediate
670,crack,찰싹 소리내다 금가다 날카로운소리,intermediate
671,craft,솜씨,intermediate
672,crash,도산,intermediate
673,crawl,네발로 기다,intermediate
674,crazy,미친,elementary
675,create,창조하다,intermediate
676,creature,창조물,intermediate
677,credible,믿을 수 있는,intermediate
678,credit,신용,intermediate
679,creek,시내,expert
680,creep,기다,expert
681,crew,승무원,intermediate
682,cricket,크리켓,intermediate
683,crime,범죄,intermediate
684,criminal,죄의,intermediate
685,crisis,위기,intermediate
686,crisp,파삭파삭한,intermediate
687,criteria,criterion의 복수형,expert
688,critic,비평가,intermediate
689,criticize,비평하다,intermediate
690,criticism,비평,intermediate
691,crop,수확,intermediate
692,cross,십자형,elementary
693,crowd,군중,elementary
694,crown,왕관,elementary
695,crucial,결정적인,intermediate
696,cruel,잔인한,intermediate
697,cruise,순항하다,intermediate
698,crush,눌러 부수다,intermediate
699,cry,소리치다,elementary
700,crystal,수정,intermediate
701,cultivate,경작하다,intermediate
702,culture,문화,elementary
703,cupboard,찬장,intermediate
704,cure,치료,intermediate
705,curious,이상스러운,elementary
706,curl,곱슬머리 머리털을 지지다,intermediate
707,currency,통용,expert
708,current,유행의,intermediate
709,curriculum,과목,expert
710,curry,카레요리 카레로 맛을 내다,intermediate
711,curse,저주,expert
712,curtain,커어튼,elementary
713,curve,곡선,intermediate
714,custody,보호,expert
715,custom,습관,intermediate
716,customer,고객,elementary
717,cut,베다,elementary
718,cute,귀여운,elementary
719,cycle,순환,elementary
720,cynical,냉소적인,expert
721,dad,아빠,elementary
722,dairy,낙농장,intermediate
723,dam,댐,intermediate
724,damage,손해,intermediate
725,damp,축축한 습기 적시다,intermediate
726,dance,댄스,elementary
727,danger,위험,elementary
728,dare,au감히 -하다,intermediate
729,dark,어두운,elementary
730,darling,귀여운,intermediate
731,dash,돌진,intermediate
732,database,데이터베이스,intermediate
733,date,날짜,elementary
734,daughter,딸,elementary
735,dawn,새벽 날이 새다,intermediate
736,day,낮,elementary
737,dead,죽은,elementary
738,deal,양,intermediate
739,death,죽음,elementary
740,debate,토론 토론하다,intermediate
741,debt,빚,intermediate
742,decade,10년간,intermediate
743,decay,쇠퇴하다,intermediate
744,decent,점잖은,expert
745,decide,결정하다,elementary
746,decision,결정,intermediate
747,deck,갑판,intermediate
748,declare,선언하다,intermediate
749,decline,기울다,intermediate
750,decorate,장식하다,intermediate
751,decrease,감소하다,intermediate
752,dedicate,봉납하다,expert
753,deep,깊은,elementary
754,defeat,패배,intermediate
755,defense,방어,intermediate
756,defend,방어하다,intermediate
757,defendant,피고 피고의,intermediate
758,deficiency,결핍,expert
759,deficit,결손,expert
760,define,정의하다,intermediate
761,definite,일정한,intermediate
762,degrade,지위를 낮추다,expert
763,degree,도,intermediate
764,delay,늦추다,intermediate
765,delegate,파견하다,expert
766,delete,삭제하다,intermediate
767,deliberate,숙고하다,expert
768,delicate,미묘한,intermediate
769,delicious,맛있는,elementary
770,delight,즐겁게하다 즐거워하다,intermediate
771,deliver,인도하다,intermediate
772,demand,요구하다,intermediate
773,democracy,민주주의,intermediate
774,democrat,민주주의자,intermediate
775,demon,악마,intermediate
776,demonstrate,증명하다,intermediate
777,dense,짙은,intermediate
778,dentist,치과의사,elementary
779,deny,부정하다,intermediate
780,department,부,intermediate
781,departure,출발,intermediate
782,depend,좌우되다,intermediate
783,dependence,종속,intermediate
784,depict,묘사하다,expert
785,deposit,예금,expert
786,depress,억압하다,intermediate
787,deprive,빼앗다,expert
788,derive,이끌어 내다,intermediate
789,descend,내려오다,intermediate
790,describe,기술하다,intermediate
791,description,서술,intermediate
792,desert,버리다,intermediate
793,deserve, -할 만하다,intermediate
794,design,디자인,elementary
795,designate,가리키다,expert
796,desire,바라다,intermediate
797,desk,책상,elementary
798,despair,절망하다,intermediate
799,desperate,절망적인,intermediate
800,despite,-에도 불구하고 모욕,intermediate
801,destination,목적지,intermediate
802,destiny,운명,intermediate
803,destroy,파괴하다,intermediate
804,destruction,파괴,intermediate
805,detach,분리하다,intermediate
806,detail,상설,intermediate
807,detect,간파하다,intermediate
808,determine,결정하다,intermediate
809,develop,발달하다,intermediate
810,device,고안,intermediate
811,devil,악마,intermediate
812,devise,고안하다,intermediate
813,devote,바치다,intermediate
814,diabetes,당뇨병,expert
815,dialogue,대화,elementary
816,diary,일기,elementary
817,dictate,받아쓰게 하다,expert
818,dictionary,사전,intermediate
819,die,죽다,elementary
820,different,다른,elementary
821,difficult,곤란한,elementary
822,dig,파다,intermediate
823,dignity,위엄,expert
824,dimension,치수,expert
825,diminish,감소하다,intermediate
826,dine,저녁식사를 하다,expert
827,dinner,정찬,elementary
828,dip,담그다,intermediate
829,diplomat,외교관,intermediate
830,direct,지도하다,intermediate
831,dirty,더러운,elementary
832,disabled,불구가 된,intermediate
833,disadvantage,불리,intermediate
834,disagree,일치하지 않다,intermediate
835,disappear,안보이게 되다,intermediate
836,disappoint,실망시키다,intermediate
837,disaster,천재,intermediate
838,discharge,짐을부리다,expert
839,discipline,훈련,intermediate
840,disclose,나타내다,intermediate
841,discount,할인,intermediate
842,discourse,강연,expert
843,discover,발견하다,intermediate
844,discriminate,분별하다,expert
845,discuss,토론하다,elementary
846,disease,병,intermediate
847,disgust,불쾌하게 하다,intermediate
848,dish,접시,elementary
849,dismiss,떠나게 하다,intermediate
850,disorder,난잡,intermediate
851,displace,바꾸어놓다,expert
852,display,보이다,intermediate
853,dispose,배열하다,intermediate
854,dispute,논쟁하다,expert
855,disrupt,분열시키다,expert
856,distant,떨어진,intermediate
857,distort,찌그러뜨리다,expert
858,distract,전환시키다,intermediate
859,distribute,분배하다,intermediate
860,district,지구,intermediate
861,disturb,교란하다,intermediate
862,dive,뛰어들다,intermediate
863,diverse,다양한,intermediate
864,divide,나누다,elementary
865,divine,신의,expert
866,divorce,이혼,intermediate
867,do,하다,elementary
868,doctor,박사,elementary
869,document,서류,intermediate
870,dog,개,elementary
871,doll,인형,elementary
872,dolphin,돌고래,elementary
873,domain,영토,intermediate
874,domestic,가정의,intermediate
875,dominant,우세한,expert
876,donate,증여하다,intermediate
877,door,문,elementary
878,dose,1회복용량 투약하다,expert
879,dot,점,intermediate
880,double,2배의,elementary
881,doubt,의심,intermediate
882,down,아래로,elementary
883,dozen,1다스,intermediate
884,draft,초고,expert
885,drag,끌다,intermediate
886,drain,배수하다,expert
887,draw,당기다,elementary
888,drawer,제도사,intermediate
889,dread,두려워하다 두려움,expert
890,dream,꿈,elementary
891,drink,마시다,elementary
892,drive,운전하다,elementary
893,drop,방울,elementary
894,drown,물에빠뜨리다,intermediate
895,drug,약제,intermediate
896,dry,마른,elementary
897,dual,둘의,expert
898,duck,머리를 물 속에 쑥 쳐박다,elementary
899,due,지급기일이 된,intermediate
900,dull,둔한,intermediate
901,dump,내버리다,intermediate
902,during,-동안에,elementary
903,dust,먼지,intermediate
904,duty,의무,intermediate
905,dwell,거주하다,intermediate
906,dynamic,동적인,intermediate
907,each,각각의,intermediate
908,eager,열심인,intermediate
909,ear,귀,elementary
910,early,이른,elementary
911,earn,일하여 벌다,intermediate
912,earth,지구,elementary
913,ease,안락,intermediate
914,east,동쪽 동쪽의 동쪽으로,elementary
915,easy,쉬운,elementary
916,eat,먹다,elementary
917,economy,절약,intermediate
918,edge,끝머리,intermediate
919,edit,편집하다,intermediate
920,educate,교육하다,intermediate
921,effect,결과,intermediate
922,effective,효과적인,intermediate
923,efficient,능률적인,intermediate
924,effort,노력,intermediate
925,egg,알,elementary
926,either,어느 하나의,intermediate
927,elaborate,공들인,expert
928,elect,선거하다,intermediate
929,electric,전기의,intermediate
930,electronic,전자(학)의,intermediate
931,elegant,우아한,intermediate
932,element,요소,intermediate
933,elementary,기본의,elementary
934,elephant,코끼리,elementary
935,eliminate,제거하다,intermediate
936,else,그 밖에,intermediate
937,embarrass,난처하게 하다,intermediate
938,embassy,대사관,intermediate
939,embrace,포옹하다,expert
940,emerge,나오다,intermediate
941,emergency,비상사태,intermediate
942,emit,방사하다,expert
943,emotion,감정,intermediate
944,emphasis,강조,intermediate
945,empire,제국,intermediate
946,employ,고용하다,intermediate
947,empty,빈,intermediate
948,enclose,에워싸다,intermediate
949,encounter,조우,intermediate
950,encourage,용기를 돋우다,intermediate
951,end,끝,elementary
952,endure,견디다,intermediate
953,enemy,적,intermediate
954,enforce,실시하다,expert
955,engage,약속하다,intermediate
956,engine,엔진,elementary
957,engineer,기사,elementary
958,enhance,향상하다,intermediate
959,enjoy,즐기다,elementary
960,enormous,거대한,intermediate
961,enough,충분한,elementary
962,enroll,명부에 올리다,expert
963,ensure,-을 책임지다,intermediate
964,enter,들어가다,elementary
965,enterprise,기획,intermediate
966,entertain,즐겁게 하다,intermediate
967,enthusiastic,열심인,intermediate
968,entire,전체의,intermediate
969,entitle,자격을 주다,expert
970,entry,들어감,intermediate
971,envelope,봉투,intermediate
972,environment,환경,intermediate
973,envy,질투,intermediate
974,episode,삽화,intermediate
975,equal,같은,intermediate
976,equate,같게하다,expert
977,equipment,장비,intermediate
978,era,시대,intermediate
979,eraser,지우는 사람,elementary
980,erect,똑바로 선,expert
981,error,잘못,elementary
982,escape,도망하다,intermediate
983,escort,호위하다,intermediate
984,especially,특히,intermediate
985,essential,본질적인,intermediate
986,establish,확립하다,intermediate
987,estate,토지,expert
988,estimate,어림잡다,intermediate
989,etc,등등,intermediate
990,ethical,도덕상의,expert
991,ethnic,인종의,expert
992,evacuate,비우다,expert
993,evaluate,평가하다,intermediate
994,eve,"저녁, 밤",intermediate
995,even,-조차,intermediate
996,evening,저녁,elementary
997,eventually,결국,intermediate
998,ever,이전에,intermediate
999,every,모든,elementary
1000,evident,명백한,intermediate
1001,evil,사악한,intermediate
1002,evolution,진화,intermediate
1003,evolve,진화하다,intermediate
1004,exact,정확한,intermediate
1005,exaggerate,과장하다,intermediate
1006,exam,시험,elementary
1007,examine,시험하다,intermediate
1008,example,보기,elementary
1009,exceed,넘다,intermediate
1010,excellent,우수한,intermediate
1011,except,-을 제외하고는 제외하다,intermediate
1012,excess,초과,intermediate
1013,exchange,교환하다,intermediate
1014,excite,흥분시키다,intermediate
1015,exclude,배척하다,intermediate
1016,exclusive,배타적인,expert
1017,excuse,변명,intermediate
1018,executive,집행의,expert
1019,exercise,운동,elementary
1020,exhaust,다 써버리다,intermediate
1021,exhibit,보이다,intermediate
1022,exist,존재하다,intermediate
1023,exit,출구,elementary
1024,exotic,외국의,intermediate
1025,expand,펴다,intermediate
1026,expect,기대하다,intermediate
1027,expense,지출,intermediate
1028,expensive,비용이 드는,intermediate
1029,experience,경험,intermediate
1030,experiment,실험,intermediate
1031,expert,숙련가,intermediate
1032,expertise,대가의 의견,expert
1033,explain,설명하다,intermediate
1034,explicit,명백한,expert
1035,explode,폭발시키다,intermediate
1036,explore,탐험하다,intermediate
1037,export,수출하다 수출,intermediate
1038,expose,"쐬다, 드러내다, 맞히다",intermediate
1039,express,발표하다,intermediate
1040,extend,뻗다,intermediate
1041,extent,넓이,intermediate
1042,external,외부의,intermediate
1043,extinct,꺼진,intermediate
1044,extra,가외의,intermediate
1045,extract,뽑아내다,expert
1046,extraordinary,이상한,expert
1047,extreme,극단의,intermediate
1048,eye,눈,elementary
1049,eyebrow,눈썹,intermediate
1050,fabric,천,intermediate
1051,face,얼굴,elementary
1052,facilitate,쉽게하다,expert
1053,facility,쉬움,intermediate
1054,fact,사실,elementary
1055,factor,요소,intermediate
1056,factory,공장,elementary
1057,faculty,능력,expert
1058,fade,바래다,intermediate
1059,fail,실패하다,elementary
1060,faint,기절하다,intermediate
1061,fair,공평한,intermediate
1062,faith,신용,intermediate
1063,fall,떨어지다,elementary
1064,FALSE,거짓,intermediate
1065,fame,명성,intermediate
1066,familiar,친한,intermediate
1067,family,가족,elementary
1068,famous,유명한,elementary
1069,fan,(영화 등의)팬,elementary
1070,fancy,공상,intermediate
1071,fantastic,환상적인,elementary
1072,far,멀리,elementary
1073,fare,요금,intermediate
1074,farm,농장,elementary
1075,fascinate,황홀케 하다,intermediate
1076,fast,빠른,elementary
1077,fasten,단단히 고정시키다,intermediate
1078,fat,살찐,elementary
1079,fatal,치명적인,expert
1080,fate,숙명,intermediate
1081,father,아버지,elementary
1082,fault,결점,intermediate
1083,favor,호의,intermediate
1084,favorite,마음에 드는 좋아하는 물건,elementary
1085,fear,두려움,intermediate
1086,feature,얼굴의 생김새,intermediate
1087,federal,연방의,expert
1088,fee,요금,intermediate
1089,feed,음식(먹이)을 주다,intermediate
1090,feel,만져보다,elementary
1091,fellow,동무,intermediate
1092,female,여성,intermediate
1093,ferry,나루터,intermediate
1094,fertile,비옥한,expert
1095,fever,열,elementary
1096,few,소수의,intermediate
1097,fiber,섬유,intermediate
1098,field,들,elementary
1099,fierce,흉포한,intermediate
1100,fight,싸움,elementary
1101,figure,모습,intermediate
1102,file,종이끼우개,elementary
1103,fill,가득 채우다,elementary
1104,filter,여과기 여과하다,intermediate
1105,final,최후의,intermediate
1106,finance,재정,intermediate
1107,find,발견하다,elementary
1108,fine,훌륭한,elementary
1109,finger,손가락 손가락을 대다,elementary
1110,finish,끝내다,elementary
1111,finite,한정되어 있는,intermediate
1112,fire,불,elementary
1113,firm,굳은,intermediate
1114,fish,물고기,elementary
1115,fist,주먹,intermediate
1116,fit,맞는,intermediate
1117,fix,고정시키다,elementary
1118,flag,기,elementary
1119,flame,불꽃,intermediate
1120,flash,번쩍임,intermediate
1121,flat,편평한,intermediate
1122,flavor,(독특한)맛,intermediate
1123,flaw,금,intermediate
1124,flee,달아나다,expert
1125,flesh,살,intermediate
1126,flexible,구부리기 쉬운,intermediate
1127,flight,날기,intermediate
1128,flip,튀기다 홱 움직이다 튀기기,expert
1129,float,뜨다,intermediate
1130,flock,무리,intermediate
1131,flood,홍수,intermediate
1132,floor,마룻바닥,elementary
1133,flourish,번창하다,intermediate
1134,flow,흐르다,intermediate
1135,flower,꽃,elementary
1136,fluid,유동성의,expert
1137,flush,왈칵흐르다,expert
1138,fly,날다,elementary
1139,focus,초점,elementary
1140,fog,안개,elementary
1141,fold,주름,intermediate
1142,folk,사람들,intermediate
1143,follow,쫓다,intermediate
1144,fond,좋아하는,expert
1145,food,음식,elementary
1146,fool,바보,elementary
1147,foot,발,elementary
1148,football,축구,elementary
1149,for,대신에,elementary
1150,forbid,금하다,intermediate
1151,force,힘,intermediate
1152,forecast,예상,intermediate
1153,forehead,이마,intermediate
1154,foreign,외국의,intermediate
1155,forest,숲,elementary
1156,forever,영원히,elementary
1157,forget,잊다,elementary
1158,forgive,용서하다,intermediate
1159,form,모양,elementary
1160,formal,형식상의,intermediate
1161,format,(서적의)체제,intermediate
1162,formation,형성,intermediate
1163,former,이전의,intermediate
1164,formula,공식,expert
1165,forth,앞으로,intermediate
1166,fortunate,운좋은,intermediate
1167,fortune,운,intermediate
1168,forum,공개토론회,intermediate
1169,forward,앞쪽에,intermediate
1170,foster,기르다,expert
1171,foundation,기초,intermediate
1172,fountain,샘,intermediate
1173,fox,교활한 사람,elementary
1174,fraction,분수,expert
1175,frame,구조,intermediate
1176,framework,뼈대,intermediate
1177,frankly,솔직히,intermediate
1178,free,자유로운,elementary
1179,freeze,얼다,intermediate
1180,frequent,빈번한,intermediate
1181,fresh,새로운,elementary
1182,friend,친구,elementary
1183,fright,(갑자기 엄습하는)공포,intermediate
1184,frog,개구리,elementary
1185,from,"(분리,이탈,출발점,기점)-로 부터",elementary
1186,front,정면,elementary
1187,frost,서리,expert
1188,frown,눈살을 찌푸리다,intermediate
1189,fruit,과일,elementary
1190,frustrate,(계획 등을)좌절시키다,intermediate
1191,fry,기름으로 튀기다,elementary
1192,fuel,연료,intermediate
1193,fulfil,이행하다,intermediate
1194,full,가득찬,elementary
1195,fun,즐거운 생각,elementary
1196,function,기능,intermediate
1197,fund,기금,intermediate
1198,fundamental,기초(기준)의,intermediate
1199,funeral,장사,intermediate
1200,fur,모피,intermediate
1201,furious,노하여 펄펄뛰는,expert
1202,furnish,공급하다,expert
1203,furniture,가구,intermediate
1204,furthermore,더우기,intermediate
1205,fuse,신관,expert
1206,future,미래,elementary
1207,gain,얻다,intermediate
1208,gamble,도박하다 도박 도박해서 잃다,intermediate
1209,gang,한 떼,intermediate
1210,gap,갈라진 틈,intermediate
1211,garage,차고,intermediate
1212,garden,뜰,elementary
1213,gasoline,가솔린,expert
1214,gate,문,elementary
1215,gather,그러모으다,intermediate
1216,gaze,지켜보다,expert
1217,gear,톱니바퀴,intermediate
1218,gender,성,intermediate
1219,gene,유전(인)자,intermediate
1220,general,일반적인,intermediate
1221,generate,낳다,expert
1222,generation,일대,intermediate
1223,generous,광대한,intermediate
1224,genius,천재,intermediate
1225,genre,유형,intermediate
1226,gentle,온화한,intermediate
1227,gentleman,신사,elementary
1228,genuine,진짜의,intermediate
1229,geography,지리,intermediate
1230,geology,지질학,intermediate
1231,gesture,몸짓,elementary
1232,get,얻다,elementary
1233,ghost,유령,elementary
1234,giant,거인,elementary
1235,gift,선물,elementary
1236,giraffe,기린,elementary
1237,girl,소녀,elementary
1238,give,주다,elementary
1239,glad,기쁜,elementary
1240,glance,흘긋 봄,intermediate
1241,glare,번쩍이는 빛,expert
1242,glass,유리,elementary
1243,glimpse,흘끗 봄,expert
1244,global,공모양의,intermediate
1245,glory,영광,intermediate
1246,glove,장갑,elementary
1247,glow,타다,intermediate
1248,glue,아교,elementary
1249,go,가다,elementary
1250,goal,결승점,elementary
1251,goat,염소,intermediate
1252,god,신,elementary
1253,gold,금,elementary
1254,good,좋은,elementary
1255,goodbye,안녕히 가세요,elementary
1256,goods,상품,intermediate
1257,gorgeous,호화로운,intermediate
1258,govern,다스리다,intermediate
1259,grab,붙잡다(snatch),intermediate
1260,grace,은총,intermediate
1261,grade,등급,intermediate
1262,gradual,점차적인,intermediate
1263,graduate,학위를 수여하다,intermediate
1264,grain,곡물,intermediate
1265,grand,위대한,intermediate
1266,grandfather,할아버지,elementary
1267,grant,받아들이다,intermediate
1268,grape,포도,elementary
1269,graphic,그려 놓은 듯한,intermediate
1270,grasp,붙잡다,expert
1271,grass,풀밭,elementary
1272,grateful,고맙게 생각하는,intermediate
1273,grave,무덤,intermediate
1274,great,커다란,elementary
1275,greed,탐욕,intermediate
1276,green,초록색,elementary
1277,greet,인사하다,intermediate
1278,grey,회색의,elementary
1279,grief,심한 슬픔(deep sorrow),intermediate
1280,grip,잡기,intermediate
1281,grocery,식품잡화류,intermediate
1282,gross,총계의,expert
1283,ground,땅,elementary
1284,group,집단,elementary
1285,grow,성장하다,elementary
1286,guarantee,보증하다,intermediate
1287,guardian,보호자,expert
1288,guess,추측(짐작)하다,elementary
1289,guest,손님,intermediate
1290,guide,이끌다,elementary
1291,guideline,지침,intermediate
1292,guilty,죄지은,intermediate
1293,gulf,만,expert
1294,gun,총,intermediate
1295,guy,녀석,elementary
1296,gymnasium,실내체조장,intermediate
1297,habit,습관,elementary
1298,habitat,(동물의)자연번식지,expert
1299,hair,털,elementary
1300,half,반,intermediate
1301,hall,회관,intermediate
1302,halt,멈춰서다,expert
1303,hammer,망치,intermediate
1304,hand,손,elementary
1305,handicap,불리한 조건,intermediate
1306,handle,손잡이,intermediate
1307,handsome,얼굴(자태)이 잘생긴,elementary
1308,hang,걸다,elementary
1309,happen,(사건 등이)일어나다,intermediate
1310,happy,행운의,elementary
1311,harbor,항구,intermediate
1312,hard,단단한,elementary
1313,hardly,거의 -아니다,intermediate
1314,harm,해,intermediate
1315,harsh,거친,intermediate
1316,harvest,수확,intermediate
1317,haste,급함,intermediate
1318,hat,(테있는)모자 모자를 씌우다,elementary
1319,hate,미워하다,elementary
1320,haunt,자주가다,expert
1321,have,가지(고 있)다,elementary
1322,hazard,위험,intermediate
1323,he,(3인칭단수 남성)그,elementary
1324,head,머리,elementary
1325,headache,두통,elementary
1326,headquarters,본부,expert
1327,heal,고치다,intermediate
1328,health,건강,intermediate
1329,hear,듣다,intermediate
1330,heart,심장,elementary
1331,heat,열,elementary
1332,heaven,하늘,elementary
1333,heavy,무거운,elementary
1334,heel,발뒤꿈치,intermediate
1335,height,높이,intermediate
1336,heir,상속인,expert
1337,helicopter,헬리콥터,elementary
1338,hell,지옥,intermediate
1339,hello,여보,elementary
1340,help,돕다,elementary
1341,hence,그러므로,expert
1342,here,여기에,elementary
1343,heritage,세습 재산,expert
1344,hero,영웅,elementary
1345,hesitate,주저하다,intermediate
1346,hide,감추다,intermediate
1347,high,높은,elementary
1348,highway,대도,intermediate
1349,hill,"언덕, 낮은 산 인도 고지",elementary
1350,hip,엉덩이,intermediate
1351,hire,고용하다,intermediate
1352,history,역사,elementary
1353,hit,명중하다,elementary
1354,hobby,취미,elementary
1355,hold,손에 갖고 있다,elementary
1356,hole,구멍,intermediate
1357,holiday,휴일,elementary
1358,holy,신성한,intermediate
1359,home,가정,elementary
1360,homework,숙제,elementary
1361,honest,정직한,elementary
1362,honey,벌꿀,elementary
1363,honor,명예,intermediate
1364,hook,갈고리,expert
1365,hope,희망,elementary
1366,horizon,지평선,intermediate
1367,horn,뿔,expert
1368,horror,공포,intermediate
1369,horse,말,elementary
1370,hospital,병원,elementary
1371,host,"주인, 집주인 노릇, 호스트",intermediate
1372,hostage,볼모,expert
1373,hostile,반대하는,expert
1374,hot,뜨거운,elementary
1375,hour,시간,elementary
1376,house,집,elementary
1377,household,가족,intermediate
1378,how,어떻게,elementary
1379,however,아무리,elementary
1380,hug,꼭 껴안다,intermediate
1381,huge,거대한,intermediate
1382,human,인간의,elementary
1383,humor,유우머,elementary
1384,hundred,100 100의,elementary
1385,hungry,배고픈,elementary
1386,hunt,사냥하다,elementary
1387,hurry,서두르다,elementary
1388,hurt,상처내다,intermediate
1389,husband,남편 절약하다,elementary
1390,hut,오두막,intermediate
1391,hypothesis,가설,expert
1392,I,"나는, 내가",elementary
1393,ice,얼음,elementary
1394,idea,관념,elementary
1395,ideal,이상,intermediate
1396,identical,아주 동일한,intermediate
1397,identify,동일시하다,intermediate
1398,ideology,공리,expert
1399,if,만일 -이라면,elementary
1400,ignore,무시하다,intermediate
1401,ill,병든,intermediate
1402,illusion,환영,expert
1403,illustrate,설명하다,intermediate
1404,imagine,상상하다,intermediate
1405,imitate,흉내내다,intermediate
1406,immediate,직접의,intermediate
1407,immense,무한한,expert
1408,immigrate,이주하다,expert
1409,immune,면역성의,intermediate
1410,impact,충격,intermediate
1411,imperial,제국의,intermediate
1412,implement,기구,expert
1413,imply,함축하다,expert
1414,import,수입하다,intermediate
1415,important,중요한,elementary
1416,impose,부과하다,expert
1417,impress,인상지우다,intermediate
1418,improve,개선하다,intermediate
1419,in,-속에,elementary
1420,incentive,자극적인,intermediate
1421,incident,사건,intermediate
1422,incline,기울이다,expert
1423,include,포함하다,intermediate
1424,income,수입,intermediate
1425,incorporate,합동시키다,expert
1426,increase,늘다,intermediate
1427,incredible,믿을 수 없는,intermediate
1428,indeed,참으로,intermediate
1429,independent,독립한,intermediate
1430,index,색인,expert
1431,indicate,지적하다,intermediate
1432,individual,개인,intermediate
1433,induce,꾀다,expert
1434,industry,공업,intermediate
1435,inevitable,피할 수 없는,expert
1436,infant,유아,intermediate
1437,infect,감염시키다,expert
1438,infer,추론하다,expert
1439,inflate,부풀게 하다,expert
1440,influence,영향력,intermediate
1441,inform,알리다,intermediate
1442,informal,비공식의,intermediate
1443,ingredient,성분,intermediate
1444,inhabit,살다,intermediate
1445,inherent,생태의,expert
1446,inhibit,금하다,expert
1447,initial,처음의,intermediate
1448,initiate,시작하다,intermediate
1449,inject,주사하다,intermediate
1450,injure,해치다,intermediate
1451,inn,여인숙,intermediate
1452,innocent,무구한,intermediate
1453,innovate,새롭게 하다,intermediate
1454,input,투입,intermediate
1455,inquire,묻다,expert
1456,insect,곤충,intermediate
1457,insert,끼워넣다,intermediate
1458,inside,안쪽,elementary
1459,insight,통찰(력),intermediate
1460,insist,주장하다,intermediate
1461,inspect,검사하다,intermediate
1462,inspire,영감을 주다,intermediate
1463,install,설치하다,intermediate
1464,instance,실례,intermediate
1465,instant,즉시의,intermediate
1466,instead,그 대신에,intermediate
1467,instinct,본능,intermediate
1468,institute,만들다,intermediate
1469,instruct,가르치다,intermediate
1470,instrument,기구,intermediate
1471,insult,모욕하다,intermediate
1472,insure,보증하다,intermediate
1473,integrate,통합하다,expert
1474,intellectual,지적인,intermediate
1475,intelligent,지적인,intermediate
1476,intend,-할 작정이다,intermediate
1477,intense,강렬한,intermediate
1478,intent,의향,intermediate
1479,interact,서로 작용하다,intermediate
1480,interest,흥미,intermediate
1481,interfere,간섭하다,intermediate
1482,intermediate,중간의 중간물,intermediate
1483,internal,내부의,intermediate
1484,international,국제적인,intermediate
1485,interpret,해석하다,intermediate
1486,interrupt,훼방놓다,intermediate
1487,interval,간격,intermediate
1488,intervene,사이에 들다,expert
1489,intimate,친밀한,intermediate
1490,into,-안으로,elementary
1491,intrigue,음모,expert
1492,introduce,안으로 들이다,elementary
1493,invade,침입하다,intermediate
1494,invent,발명하다,intermediate
1495,invest,투자하다,intermediate
1496,investigate,조사하다,intermediate
1497,invite,초대하다,elementary
1498,involve,말아넣다,intermediate
1499,iron,쇠,intermediate
1500,irony,반어,intermediate
1501,irritate,노하게 하다,intermediate
1502,island,섬,intermediate
1503,isolate,고립시키다,intermediate
1504,it,그것은,elementary
1505,item,조항,intermediate
1506,jail,교도소,intermediate
1507,jar,(아가리가 넓은)항아리,intermediate
1508,jaw,턱,intermediate
1509,jeans,청바지,elementary
1510,jet,(가스등의)분출,intermediate
1511,job,일,elementary
1512,jog,살짝 밀다 덜커덕 움직이다 고르지 않음,intermediate
1513,join,결합하다,elementary
1514,joint,이음매,intermediate
1515,joke,농담,intermediate
1516,journal,일간신문,intermediate
1517,journey,여행,intermediate
1518,joy,즐거움,elementary
1519,judge,재판관,intermediate
1520,judicial,사법의,expert
1521,junior,손아래사람,intermediate
1522,jury,배심,intermediate
1523,just,올바른,elementary
1524,justice,정의,intermediate
1525,justify,옳다고 하다,intermediate
1526,keen,날카로운,expert
1527,keep,계속하다,elementary
1528,key,열쇠,elementary
1529,kick,걷어차다,elementary
1530,kid,아이,elementary
1531,kill,죽이다,elementary
1532,kind,친절한,elementary
1533,king,왕,elementary
1534,kit,연장통,intermediate
1535,kitchen,부엌,elementary
1536,knee,무릎,intermediate
1537,knife,나이프,elementary
1538,knight,(중세의)기사,intermediate
1539,knock,치다,intermediate
1540,knot,매듭(tie),expert
1541,know,알다,elementary
1542,label,라벨,intermediate
1543,labor,노동,intermediate
1544,laboratory,실험실,intermediate
1545,lack,결핍,intermediate
1546,ladder,사닥다리,intermediate
1547,lady,귀부인,elementary
1548,lake,호수,elementary
1549,lamb,어린 양,intermediate
1550,lamp,등,intermediate
1551,land,뭍,elementary
1552,landscape,풍경,intermediate
1553,lane,좁은길,intermediate
1554,language,언어,intermediate
1555,lap,무릎,intermediate
1556,large,큰,elementary
1557,last,계속하다,elementary
1558,late,늦은,elementary
1559,latter,뒤쪽의,intermediate
1560,laugh,(소리내어)웃다,intermediate
1561,launch,진수시키다,intermediate
1562,laundry,세탁물,intermediate
1563,law,법률,intermediate
1564,lawn,잔디밭,intermediate
1565,lawyer,법률가,intermediate
1566,lay,눕히다,intermediate
1567,layer,층,intermediate
1568,lazy,게으른,elementary
1569,lead,이끌다,intermediate
1570,leaf,잎,elementary
1571,leak,샘,intermediate
1572,lean,기대다,intermediate
1573,leap,껑충 뛰다,intermediate
1574,learn,배우다,elementary
1575,lease,임대차,expert
1576,leather,무두질한 가죽,intermediate
1577,leave,남기고가다,intermediate
1578,lecture,강의,intermediate
1579,left,왼쪽의,elementary
1580,leg,다리,elementary
1581,legal,법률상의,intermediate
1582,legend,전설,intermediate
1583,legislate,법률을 제정하다,expert
1584,legitimate,합법의,expert
1585,leisure,틈,intermediate
1586,lend,빌리다,intermediate
1587,lesson,학과,elementary
1588,let,시키다,intermediate
1589,letter,편지,elementary
1590,level,수평의,intermediate
1591,liberal,자유주의의,intermediate
1592,liberty,자유,intermediate
1593,library,도서관,elementary
1594,license,면허,intermediate
1595,lid,뚜껑,intermediate
1596,lie,눕다,elementary
1597,lift,끌어올리다,intermediate
1598,light,빛,elementary
1599,like,좋아하다,elementary
1600,likely,있을 법한,intermediate
1601,likewise,"같이, 마찬가지로",intermediate
1602,limit,한계,intermediate
1603,line,선,elementary
1604,linguistic,말의,intermediate
1605,link,사슬의 고리,intermediate
1606,lion,사자,elementary
1607,lip,입술,elementary
1608,liquid,액체,intermediate
1609,list,일람표,intermediate
1610,listen,경청하다,elementary
1611,literal,문자의,expert
1612,literature,문학,intermediate
1613,little,작은,elementary
1614,live,살다,elementary
1615,livingroom,거실,elementary
1616,load,짐,intermediate
1617,loan,대부,intermediate
1618,local,장소의,intermediate
1619,locate,관청 등을 두다,intermediate
1620,lock,자물쇠,intermediate
1621,log,통나무,intermediate
1622,logic,논리학,intermediate
1623,lone,혼자의,expert
1624,long,"(길이,시간 등)긴",elementary
1625,look,보다,elementary
1626,loose,풀어진,intermediate
1627,lose,잃다,intermediate
1628,loss,잃음,intermediate
1629,lot,제비,intermediate
1630,loud,시끄러운,intermediate
1631,lounge,빈둥거리다,intermediate
1632,love,사랑,elementary
1633,low,낮은,elementary
1634,loyal,충성스러운,intermediate
1635,luck,운,elementary
1636,lump,덩어리,expert
1637,lunch,점심,elementary
1638,luxury,사치,intermediate
1639,machine,기계,intermediate
1640,mad,미친,elementary
1641,magazine,잡지,intermediate
1642,magnet,자석,intermediate
1643,magnificent,장대한,expert
1644,mail,우편물,elementary
1645,main,주요한,intermediate
1646,maintain,계속하다,intermediate
1647,major,큰쪽의,intermediate
1648,majority,대다수,intermediate
1649,make,만들다,elementary
1650,male,남성의,intermediate
1651,man,남자,elementary
1652,manage,관리하다,intermediate
1653,manifest,명백히 하다,expert
1654,manipulate,(손으로)다루다,expert
1655,manner,방법,intermediate
1656,manufacture,제조하다,intermediate
1657,many,많은,elementary
1658,map,지도,elementary
1659,margin,가장자리,intermediate
1660,marine,바다의,intermediate
1661,mark,표,intermediate
1662,marry,결혼하다,elementary
1663,marvel,경이,intermediate
1664,mass,덩어리,intermediate
1665,master,장,intermediate
1666,match,성냥,intermediate
1667,mate,상대,intermediate
1668,material,원료,intermediate
1669,mathematics,수학,elementary
1670,matter,물질,intermediate
1671,mature,익은,intermediate
1672,maximum,최고점,intermediate
1673,may,"5월  청춘, 인생의 봄  산사나무, 아가위나무",elementary
1674,maybe,아마,intermediate
1675,mayor,시장,intermediate
1676,meal,식사,intermediate
1677,mean,의미하다,intermediate
1678,meantime,그동안 그 사이에,intermediate
1679,meanwhile,그동안,expert
1680,measure,재다,intermediate
1681,meat,(식용짐승의)고기,elementary
1682,mechanic,직공,intermediate
1683,mechanism,(기계)장치,intermediate
1684,mediate,중재하다,intermediate
1685,medical,의학의,intermediate
1686,medicine,약,intermediate
1687,medieval,중세(풍)의,expert
1688,medium,중간,intermediate
1689,meet,-을 만나다,elementary
1690,melt,녹다,intermediate
1691,memory,기억,elementary
1692,mental,마음의,intermediate
1693,mention,말하다,intermediate
1694,merchant,상인,intermediate
1695,mere,단순한,expert
1696,merge,합병하다,expert
1697,merit,장점,intermediate
1698,mess,혼란,intermediate
1699,metal,금속,intermediate
1700,method,방법,intermediate
1701,metropolitan,수도권(의),expert
1702,microphone,확성기,intermediate
1703,microwave,극초단파 전자레인지로 요리하다,intermediate
1704,middle,한복판의,elementary
1705,might,힘,elementary
1706,migrate,이주하다,expert
1707,mild,온후한,intermediate
1708,military,군의,intermediate
1709,milk,젖,elementary
1710,mill,멧돌,intermediate
1711,million,백만,intermediate
1712,mind,마음,elementary
1713,miner,광산업자,intermediate
1714,mineral,광물,intermediate
1715,minimal,최소(한도)의,intermediate
1716,minimum,최소 한도,intermediate
1717,ministry,장관(목사)의 직(소임),intermediate
1718,minor,작은 편의,intermediate
1719,minute,분,intermediate
1720,miracle,기적,intermediate
1721,mirror,거울,elementary
1722,miss,미혼 여성 실수하다,elementary
1723,missile,미사일,intermediate
1724,mission,사명,intermediate
1725,mistake,틀리다,intermediate
1726,mix,섞다,intermediate
1727,mobile,움직이기 쉬운,intermediate
1728,mock,조롱하다,expert
1729,mode,방법,intermediate
1730,moderate,절제하는,expert
1731,modern,현대의,intermediate
1732,modest,겸손한,expert
1733,modify,변경하다,expert
1734,moisture,습기,intermediate
1735,molecule,분자,expert
1736,moment,순간,intermediate
1737,money,금전,elementary
1738,monitor,충고자,intermediate
1739,monkey,원숭이,elementary
1740,monster,괴물,intermediate
1741,month,월,elementary
1742,monument,기념비,expert
1743,mood,(일시적인)기분,intermediate
1744,moon,달,elementary
1745,moral,도덕의,intermediate
1746,moreover,그 위에,intermediate
1747,morning,아침,elementary
1748,mortal,죽을운명의,expert
1749,mother,어머니,elementary
1750,motion,운동,intermediate
1751,motive,동기,intermediate
1752,mount,산,intermediate
1753,mountain,산,elementary
1754,mouse,새앙쥐,elementary
1755,mouth,입,elementary
1756,move,움직이다,elementary
1757,movie,영화,elementary
1758,much,많은,elementary
1759,mud,진흙,intermediate
1760,multiple,복합의,intermediate
1761,multiply,늘리다,intermediate
1762,murder,살인,intermediate
1763,muscle,근육,intermediate
1764,museum,박물관,elementary
1765,mushroom,버섯,intermediate
1766,music,음악,elementary
1767,must,-해야 한다,elementary
1768,mutual,상호의,expert
1769,myth,신화,intermediate
1770,nail,손톱,intermediate
1771,naive,소박한,expert
1772,naked,발가벗은,intermediate
1773,name,이름,elementary
1774,nanny,유모,expert
1775,narrate,이야기하다,intermediate
1776,narrow,좁은,intermediate
1777,nasty,불쾌한,expert
1778,nation,국가,elementary
1779,native,타고난,intermediate
1780,nature,자연,elementary
1781,navy,해군(력),intermediate
1782,near,가까이 -의 가까이에 가까운 접근하다,elementary
1783,neat,산뜻한,intermediate
1784,necessary,필요한,intermediate
1785,neck,목,elementary
1786,need,필요,elementary
1787,needle,바늘 바늘로 꿰매다 바느질하다 아슬아슬한,intermediate
1788,negative,부정적인,intermediate
1789,neglect,게을리 하다,intermediate
1790,negotiate,교섭하다,intermediate
1791,neighbor,이웃사람(나라),intermediate
1792,neither,(둘중)어느쪽도 -아니다 -도 아니다,intermediate
1793,nephew,조카,intermediate
1794,nervous,신경의,intermediate
1795,nest,보금자리,intermediate
1796,net,그물,intermediate
1797,network,그물세공,intermediate
1798,neutral,중립의,intermediate
1799,never,결코 -아니다,elementary
1800,nevertheless,그럼에도 불구하고,intermediate
1801,new,새로운,elementary
1802,newspaper,신문,elementary
1803,next,다음의,elementary
1804,nice,니스(프랑스 남부의 항구도시),elementary
1805,night,밤,elementary
1806,nightmare,악몽,intermediate
1807,no,무의,elementary
1808,noble,고귀한,intermediate
1809,nobody,아무도 -않다 하찮은 사람,intermediate
1810,nod,끄덕이다,intermediate
1811,noise,소리,intermediate
1812,nominate,추천하다,expert
1813,none,아무도(조금도)-않다 조금도(결코)-않다,intermediate
1814,nonetheless,역시,expert
1815,nonsense,허튼 소리,intermediate
1816,noon,정오,elementary
1817,nor,-도 또한-않다,intermediate
1818,norm,표준,expert
1819,normal,표준(의),intermediate
1820,north,"북, 북 쪽, 북부",elementary
1821,nose,코,elementary
1822,not,아니다,elementary
1823,note,기록,elementary
1824,nothing,아무것도 …없다,elementary
1825,notice,"통지, 통보",intermediate
1826,notion,"n,관념",expert
1827,novel,소설,intermediate
1828,now,지금,elementary
1829,nowadays,"오늘날에는, 요즈음에는",intermediate
1830,nowhere,아무데도 …없다,intermediate
1831,nuclear,"핵의, 핵을 형성하는 원자핵의",intermediate
1832,number,수,elementary
1833,numerous,"다 수의, 수많은, 셀 수 없이 많은",expert
1834,nun,수녀 집비둘기의 일종,expert
1835,nurse,유모,elementary
1836,nut,견과,intermediate
1837,oak,참나무,intermediate
1838,obey,따르다,intermediate
1839,object,사물,intermediate
1840,objective,객관적인,intermediate
1841,oblige,(의무를)별수없이 -하게하다,expert
1842,observe,관찰하다,intermediate
1843,obsess,늘러붙다,expert
1844,obtain,얻다,intermediate
1845,obvious,명백한,intermediate
1846,occasion,경우,intermediate
1847,occupation,일직업,intermediate
1848,occupy,차지하다,intermediate
1849,occur,일어나다,intermediate
1850,ocean,대양,elementary
1851,odd,묘한,intermediate
1852,of,출신의,elementary
1853,off,떨어져,elementary
1854,offend,성나게 하다,intermediate
1855,offer,권하다,intermediate
1856,office,임무,elementary
1857,officer,공무원,intermediate
1858,official,공무원,intermediate
1859,often,자주,elementary
1860,oil,기름,elementary
1861,old,늙은,elementary
1862,olive,올리브나무,intermediate
1863,on,위에,elementary
1864,once,한번,intermediate
1865,one,하나(의),elementary
1866,only,유일한,elementary
1867,open,열다,elementary
1868,operate,움직이다,intermediate
1869,opinion,의견,intermediate
1870,opportunity,기회,intermediate
1871,oppose,반대하다,intermediate
1872,optimist,낙천가,intermediate
1873,option,선택(권의 자유),intermediate
1874,or,혹은,elementary
1875,oral,구두의,intermediate
1876,orbit,궤도,expert
1877,orchestra,관현악단,intermediate
1878,order,순서,intermediate
1879,ordinary,보통의,intermediate
1880,organ,(생물의)기관,intermediate
1881,organic,유기체의,intermediate
1882,organize,조직하다,intermediate
1883,orient,동양 동양의 동쪽으로 향하게 하다,intermediate
1884,origin,기원,intermediate
1885,other,다른 다른 것 그렇지 않고,intermediate
1886,otherwise,딴 방법으로는,intermediate
1887,ought,au해야만 하다,intermediate
1888,ounce,삵괭이,expert
1889,out,밖으로,elementary
1890,outcome,결과,intermediate
1891,outline,윤곽,intermediate
1892,output,산출,intermediate
1893,outrage,불법(적인 행위),expert
1894,outstanding,눈에 띄는,intermediate
1895,over,위쪽,elementary
1896,overall,포괄(전면)적인 덧옷,intermediate
1897,overcome,이기다,intermediate
1898,overhead,머리위에 머리 위의,intermediate
1899,overlap,겹치다,intermediate
1900,overlook,내려다 보다,intermediate
1901,overnight,전날밤의,intermediate
1902,oversea,해외(로부터)의,intermediate
1903,overwhelm,압도하다,expert
1904,owe,지불할 의무가 있다,intermediate
1905,own,자기자신의 소유하다,intermediate
1906,pace,한걸음,intermediate
1907,pack,꾸러미,intermediate
1908,packet,다발,intermediate
1909,pad,(및에)덧대는 것,intermediate
1910,pain,고통,intermediate
1911,paint,도료,elementary
1912,pair,한쌍,intermediate
1913,palace,궁전,elementary
1914,pale,창백한,intermediate
1915,palm,손바닥,intermediate
1916,pan,남비 사금 등을 남비로 가려내다,intermediate
1917,panel,판벽널,expert
1918,panic,돌연한공포,intermediate
1919,pants,바지,elementary
1920,paper,종이,elementary
1921,paragraph,(문장의)절,intermediate
1922,parallel,평행의,expert
1923,pardon,용서하다 용서,intermediate
1924,parent,어버이,elementary
1925,park,공원,elementary
1926,parliament,의회,expert
1927,part,부분,elementary
1928,participate,참가하다,intermediate
1929,particle,입자,expert
1930,particular,특수한,intermediate
1931,pass,지나가다,elementary
1932,passage,"통행, 통과",intermediate
1933,passenger,승객,intermediate
1934,passion,정열,intermediate
1935,passport,여권,intermediate
1936,past,과거,intermediate
1937,pat,톡톡 가볍게 치다,expert
1938,patch,깁는 헝겊,expert
1939,patent,전매특허권 전매특허의,expert
1940,path,작은 길,intermediate
1941,patient,인내심이 강한 환자,intermediate
1942,patrol,순회,expert
1943,pattern,모범,intermediate
1944,pause,중지,intermediate
1945,pave,(도로를)포장하다,expert
1946,pay,지불하다,elementary
1947,peace,평화,elementary
1948,peak,(뾰족한)끝,intermediate
1949,pear,서양배,elementary
1950,peasant,농부,expert
1951,peel,껍질을 벗기다 벗어지다 껍질,intermediate
1952,peer,동료,intermediate
1953,penalty,벌,intermediate
1954,pencil,연필 연필로 쓰다,elementary
1955,people,사람들,elementary
1956,pepper,고추,intermediate
1957,per,-에 의하여,intermediate
1958,perceive,지각하다,intermediate
1959,perfect,완전한,intermediate
1960,perform,다하다,intermediate
1961,perhaps,아마,intermediate
1962,period,시간,intermediate
1963,permanent,영구의,intermediate
1964,permit,허가하다,intermediate
1965,persist,고집하다,expert
1966,person,사람,intermediate
1967,personality,개성,intermediate
1968,perspective,원근법의 원근 화법,expert
1969,persuade,설득하다,intermediate
1970,pet,애완동물,intermediate
1971,phase,국면,expert
1972,phenomenon,현상,intermediate
1973,philosophy,철학,intermediate
1974,photograph,사진 촬영하다,intermediate
1975,phrase,구,intermediate
1976,physical,물질의,intermediate
1977,physics,물리학,intermediate
1978,pick,따다,elementary
1979,picnic,소풍,elementary
1980,picture,그림,elementary
1981,piece,한 조각,intermediate
1982,pig,돼지,elementary
1983,pile,쌓아 올린 것,intermediate
1984,pill,알약,intermediate
1985,pin,핀 핀으로 꽂다,intermediate
1986,pinch,꼬집다,expert
1987,pine,소나무 수척해 지다,intermediate
1988,pink,연분홍색,elementary
1989,pioneer,개척자,intermediate
1990,pitch,던지다,expert
1991,pity,불쌍히 여김,intermediate
1992,place,장소,elementary
1993,plain,분명한,intermediate
1994,plan,계획,elementary
1995,planet,행성,intermediate
1996,plant,실물,intermediate
1997,plate,판,intermediate
1998,platform,단,intermediate
1999,play,놀다,elementary
2000,pleasant,기분 좋은,intermediate
2001,please,기쁘게 하다,elementary
2002,pleasure,즐거움,intermediate
2003,plenty,많음,intermediate
2004,plot,음모,intermediate
2005,plus,더하기의 -외에,intermediate
2006,P.M.,오후,elementary
2007,pocket,포켓,elementary
2008,poem,시,intermediate
2009,poet,시인,intermediate
2010,point,점,elementary
2011,poison,독,intermediate
2012,polar,남극의,intermediate
2013,pole,폴란드사람,intermediate
2014,police,경찰 경비하다,elementary
2015,policy,정책,intermediate
2016,polish,"닦다, 갈다, 윤내다",expert
2017,polite,공손한,intermediate
2018,politics,정치,intermediate
2019,poll,투표,intermediate
2020,pollute,-을 더럽히다,intermediate
2021,pond,"못, 연못",intermediate
2022,pool,판돈,intermediate
2023,poor,"가난한 부족한, 불충분한, 빈약한",elementary
2024,pop,팝,intermediate
2025,pope,로마 교황  최고 권위자로 자처하는 사람,expert
2026,popular,"민중 의, 대중의",intermediate
2027,population,인구,intermediate
2028,pork,돼지고기,intermediate
2029,port,"항구, 항만, 상항",intermediate
2030,portion,"일부, 부분",expert
2031,portrait,초상,intermediate
2032,pose,"자세, 포즈  마음가짐  꾸민 태도",intermediate
2033,position,위치,intermediate
2034,positive,"명확한, 의문의 여지가 없는, 부정할 수 없는",intermediate
2035,possess,소유하다,intermediate
2036,possible,가능한,intermediate
2037,post,기둥,intermediate
2038,poster,포스터,intermediate
2039,pot,단지,intermediate
2040,potato,감자,elementary
2041,potential,가능한,intermediate
2042,pour,따르다,intermediate
2043,powder,가루,intermediate
2044,power,힘,elementary
2045,practical,실제의,intermediate
2046,practice,연습,intermediate
2047,praise,칭찬,intermediate
2048,pray,빌다,intermediate
2049,preach,설교하다,expert
2050,precede,-에 앞서다,expert
2051,precious,비싼,intermediate
2052,precise,정확한,intermediate
2053,predator,약탈자,expert
2054,predict,"예언하다, 예보하다 예언하다",intermediate
2055,prefer,"오히려 …을 좋아하다,",intermediate
2056,pregnant,임신한 충만한,intermediate
2057,prejudice,"편견, 선입관",expert
2058,premier,"국무 총리, 수상",expert
2059,premium,"할증금,  액면 초과액, 프리미엄",expert
2060,prepare,"준비하 다, 마련하다, 채비를 갖추다",intermediate
2061,prescribe,"명령하다, 지령하다",intermediate
2062,presence,"존재, 현존, 실재  출석, 임석, 참석",intermediate
2063,present,"있는, 존재하는",elementary
2064,preserve,"보호하다, 지키다",intermediate
2065,president,대통령 회장,intermediate
2066,press,강제로 모집하다,intermediate
2067,presume,가정하다,expert
2068,pretend,핑계삼다,intermediate
2069,pretty,"예쁜, 귀여운, 참 한, 조촐한",elementary
2070,prevail,"이기다, 극복하다, 압도하다 우세하다, 보급되다",expert
2071,prevent,"막다, 방해하다",intermediate
2072,previous,"앞의, 이전의",intermediate
2073,prey,먹이,intermediate
2074,price,"값, 가격, 대가, 정가",intermediate
2075,pride,자존심,intermediate
2076,priest,성직자,intermediate
2077,primary,"첫째의, 제1위의, 수위의 elementary의, 초보의",intermediate
2078,prime,"수위의, 최초의, 원시적인",intermediate
2079,primitive,"원시의, 초기의",intermediate
2080,prince,"왕자, 태자, 세자, 대군",elementary
2081,principal,"주요한, 주된, 제일의, 앞장서는",intermediate
2082,principle,"원리, 원칙, 법칙, 공리",intermediate
2083,print,"인쇄하다, 프린트하다",elementary
2084,prior,"이전의, 앞의",expert
2085,prison,교도소,intermediate
2086,privacy,"남의 눈을 피함, 은거, 은둔, 은퇴 생활 사생활",intermediate
2087,private,"사적인, 사사로운, 개인에 속한",intermediate
2088,privilege,"특권, 특전, 특별 취급",expert
2089,prize,"상, 포상, 우등상, 선행상",elementary
2090,probably,"아마, 십중팔구",intermediate
2091,problem,문제,elementary
2092,procedure,"진행, 경과 절차",expert
2093,proceed,"나아가다, 가다",intermediate
2094,process,"진행, 작용",intermediate
2095,produce,"생산하다, 산출하다, 생기게 하다,",intermediate
2096,profession,"직업 공언, 선언, 고백",intermediate
2097,professor,교수,intermediate
2098,profile,"옆 얼굴, 반면상 인물 소개  태도, 자세",expert
2099,profit,"이익, 이득, 벌이",intermediate
2100,profound,"깊은, 심원한",expert
2101,progress,"진행, 전진, 진척  진보, 향상, 발달, 발전",intermediate
2102,prohibit,"금하다, 금지하다",expert
2103,prominent,"두드러진, 돌기한, 양각된 현저한, 탁월한, 중요한",expert
2104,promise,"약속, 서약, 계약",intermediate
2105,promote,"승진시키다 진행시키다,",intermediate
2106,prompt,"재빠른, 신속한, 즉시 …하는",expert
2107,pronounce,"발음하다, 음독하다",intermediate
2108,proof,증명,intermediate
2109,proper,"고유의, 독특한, 본연의,  특유한",intermediate
2110,property,"재산, 자산",intermediate
2111,proportion,"비율, 비 균형, 조화",expert
2112,propose,"제의하다, 제출하다 추천하다, 지명하다",intermediate
2113,prospect,"전망, 조망, 경치",intermediate
2114,prosper,번영하다,expert
2115,protect,"보호하다, 막다, 지키다, 비호하다",intermediate
2116,protein,IG1s,intermediate
2117,protest,단언하다,intermediate
2118,proud,"뽐내는, 자랑하는 자긍하는, 영광 으로 여기는",intermediate
2119,prove,"시험하다, 실험하다, 경험하다, 시험해 보다",intermediate
2120,provide,"준비하다, 미리 …에 대비하다  규정하다",intermediate
2121,province,"주, 성, 도  범위, 영역, 분야",intermediate
2122,provoke,화나게 하다,expert
2123,psychology,심리학,intermediate
2124,pub,펍,intermediate
2125,public,"심리, 심리 상태",intermediate
2126,publish,"발표 하다, 널리 알리다",intermediate
2127,pull,"끌다, 당기다, 끌어 당기다, 잡아 끌다",intermediate
2128,pump,펌프스   댄스용 구두,intermediate
2129,punch,"주먹질, 펀치  힘, 활기",intermediate
2130,punish,"벌하다, 응징하다, 처형하다",intermediate
2131,pupil,흔히 국민학교 중학교 학생,intermediate
2132,puppy,강아지,elementary
2133,purchase,"사다, 구입하다",intermediate
2134,pure,"순수한  깨끗한, 순전한, 결백한",intermediate
2135,purple,자줏빛의  새빨간  제왕의,intermediate
2136,purpose,목적,intermediate
2137,pursue,"쫓다, 추적하다, 몰다",intermediate
2138,push,"밀다, 밀치다, 밀어서 움직 이다, 밀어 내다",elementary
2139,put,"놓다, 두다",elementary
2140,puzzle,"당황, 혼란 괴롭히는 사람,  어려운 문제",elementary
2141,qualify,자격을 부여하다,intermediate
2142,quality,질,intermediate
2143,quantity,양,intermediate
2144,quarter,1,intermediate
2145,queen,여왕,elementary
2146,question,"물음, 질문, 질의",elementary
2147,questionnaire,질문표,expert
2148,quick,빠른,elementary
2149,quiet,조용한,elementary
2150,quit,"(의무,책임을)벗어난 떠나다",intermediate
2151,quite,아주,intermediate
2152,quote,인용하다,expert
2153,rabbit,집토끼,elementary
2154,race,인종,elementary
2155,racial,인종(상)의,intermediate
2156,rage,격노,expert
2157,rail,가로장,intermediate
2158,rain,비,elementary
2159,rainbow,무지개,elementary
2160,raise,올리다,intermediate
2161,rally,규합하다,expert
2162,random,닥치는 대로의,intermediate
2163,range,줄,intermediate
2164,rank,열,intermediate
2165,rapid,빠른,intermediate
2166,rare,희귀한,intermediate
2167,rat,쥐,intermediate
2168,rate,율,intermediate
2169,rather,오히려,intermediate
2170,rational,합리적인,expert
2171,raw,날것의,intermediate
2172,reach,도착하다,intermediate
2173,react,반응을 나타내다,intermediate
2174,read,읽다,elementary
2175,ready,준비가 된,elementary
2176,real,실재하는,intermediate
2177,realize,깨닫다,intermediate
2178,rear,뒤,expert
2179,reason,이성,intermediate
2180,rebel,반역자,expert
2181,recall,되부르다,intermediate
2182,receipt,수령,intermediate
2183,receive,받다,intermediate
2184,recent,최근의,intermediate
2185,reception,받음,intermediate
2186,recipe,조리법,intermediate
2187,recognize,인정하다,intermediate
2188,recommend,추천하다,intermediate
2189,record,기록하다,intermediate
2190,recover,되찾다,intermediate
2191,recruit,신병,expert
2192,recycle,재생 이용하다,intermediate
2193,red,붉은,elementary
2194,reduce,줄이다,intermediate
2195,refer,조회시키다,intermediate
2196,refine,정제정련하다,expert
2197,reflect,반사하다,intermediate
2198,reform,개정(개혁)하다,intermediate
2199,refrigerator,냉장고,intermediate
2200,refuse,거절하다,intermediate
2201,regard,주목해서 보다,intermediate
2202,region,지방,intermediate
2203,register,기록,intermediate
2204,regret,유감,intermediate
2205,regular,규칙적인,intermediate
2206,regulate,규정하다,expert
2207,reinforce,보강하다,expert
2208,reject,거절하다,intermediate
2209,relate,이야기하다,intermediate
2210,relative,친척,intermediate
2211,relax,늦추다,intermediate
2212,release,도와주다,intermediate
2213,relevant,관련된,expert
2214,relieve,구출하다,intermediate
2215,religion,종교,intermediate
2216,reluctant,마음이 내키지 않는,expert
2217,rely,믿다,intermediate
2218,remain,남다,intermediate
2219,remark,깨닫다,intermediate
2220,remedy,치료,intermediate
2221,remember,기억하고 있다,elementary
2222,remind,생각나게 하다,intermediate
2223,remote,먼,intermediate
2224,remove,옮기다,intermediate
2225,rent,지대,intermediate
2226,repair,수선(수정)하다,intermediate
2227,repeat,반복하다,intermediate
2228,replace,되돌려 놓다,intermediate
2229,reply,대답하다,intermediate
2230,report,보고,intermediate
2231,represent,표현(묘사)하다,intermediate
2232,republic,공화국,intermediate
2233,reputation,평판,expert
2234,request,부탁하다,intermediate
2235,require,요구하다,intermediate
2236,rescue,구하다,intermediate
2237,research,연구,intermediate
2238,resemble,닮다,intermediate
2239,reserve,따로 두다,intermediate
2240,reside,거주하다,expert
2241,resign,사임하다,expert
2242,resist,저항하다,intermediate
2243,resolve,분해하다,intermediate
2244,resort,(자주)가다,intermediate
2245,resource,자원,intermediate
2246,respect,존경하다,intermediate
2247,respective,각각의,expert
2248,respond,대답하다,intermediate
2249,responsible,책임을 져야할,intermediate
2250,rest,휴식,intermediate
2251,restaurant,요리점,elementary
2252,restore,반환하다,intermediate
2253,restrain,제지하다,expert
2254,restrict,제한하다,expert
2255,restroom,화장실,elementary
2256,result,결과,intermediate
2257,resume,다시 잡다,expert
2258,retail,소매,expert
2259,retain,보유하다,expert
2260,retire,퇴직하다,intermediate
2261,retreat,후퇴,expert
2262,return,돌아가다,elementary
2263,reveal,나타내다,intermediate
2264,revenge,복수,expert
2265,reverse,역,expert
2266,review,재조사,intermediate
2267,revise,교정하다,intermediate
2268,revive,소생하다,intermediate
2269,revolution,혁명,intermediate
2270,reward,보수,intermediate
2271,rhythm,율동,intermediate
2272,rice,쌀,intermediate
2273,rich,부자인,elementary
2274,rid,면하게하다,expert
2275,ride,타다,intermediate
2276,ridiculous,어리석은,expert
2277,right,올바른,elementary
2278,ring,고리,elementary
2279,riot,"폭동, 소요, 소동   야단법석, 다채로움,",expert
2280,rise,올리다,intermediate
2281,risk,위험 걸다,intermediate
2282,rival,경쟁자 경쟁하는 경쟁하다,intermediate
2283,river,강,elementary
2284,road,길,elementary
2285,roar,으르렁거리다 으르렁소리,expert
2286,roast,불에 쬐어 굽다 불고기 구운,intermediate
2287,rob,"강탈하다, 약탈하다, 빼앗다",intermediate
2288,rock,바위,elementary
2289,rod,막대,expert
2290,role,(배우의)역,intermediate
2291,roll,구르다,intermediate
2292,romantic,전기소설적인,intermediate
2293,roof,지붕,elementary
2294,room,방,elementary
2295,root,뿌리,intermediate
2296,rope,새끼,intermediate
2297,rot,썩다,expert
2298,rough,거친,intermediate
2299,round,둥근 원 돌아서,intermediate
2300,route,길,intermediate
2301,routine,정해진 일,intermediate
2302,row,줄,intermediate
2303,royal,왕의,intermediate
2304,rub,마찰하다,intermediate
2305,rubber,맛사지사,intermediate
2306,rude,버릇없는,intermediate
2307,ruin,파멸,intermediate
2308,rule,규칙,intermediate
2309,rumor,소문,intermediate
2310,run,달리다,elementary
2311,rural,시골의,intermediate
2312,rush,돌진하다,intermediate
2313,sack,마대,expert
2314,sacred,신성한,intermediate
2315,sacrifice,희생,intermediate
2316,sad,슬픈,elementary
2317,safe,안전한,elementary
2318,sail,돛,intermediate
2319,salary,봉급 봉급을 주다,intermediate
2320,sale,판매,elementary
2321,salon,객실,expert
2322,salt,소금,elementary
2323,same,같은,elementary
2324,sand,모래사장,elementary
2325,satellite,위성,intermediate
2326,satisfy,만족시키다,intermediate
2327,save,위험에서 구하다,elementary
2328,say,말하다,elementary
2329,scale,비늘(모양의 것),intermediate
2330,scan,시의 운율을살피다,intermediate
2331,scandal,추문,intermediate
2332,scarce,부족한,expert
2333,scare,위협하다,intermediate
2334,scatter,뿔뿔이 흩어 버리다,expert
2335,scene,장면,intermediate
2336,scheme,계획,intermediate
2337,scholar,학자,intermediate
2338,school,학교,elementary
2339,science,과학,elementary
2340,scissors,가위,elementary
2341,scold,꾸짖다 잔소리 심한 사람,intermediate
2342,scope,범위,expert
2343,score,득점,elementary
2344,scramble,기다,intermediate
2345,scratch,"할퀴다, 할퀴어 상처 를 내다  긁다",intermediate
2346,scream,비명을 지르다,intermediate
2347,screen,병풍,intermediate
2348,screw,나사,expert
2349,scrub,(관목의)숲,expert
2350,sculpture,조각 조각하다,expert
2351,sea,바다,elementary
2352,seal,인장,intermediate
2353,search,찾다,intermediate
2354,season,계절,elementary
2355,seat,좌석,intermediate
2356,secret,비밀의,intermediate
2357,secretary,비서,intermediate
2358,sector,부채꼴,intermediate
2359,secure,안전한,intermediate
2360,see,보다,elementary
2361,seed,씨앗,intermediate
2362,seek,찾다,intermediate
2363,seem,-으로 보이다,intermediate
2364,seize,붙잡다,expert
2365,select,고르다,intermediate
2366,self,자기,intermediate
2367,sell,팔다,elementary
2368,send,보내다,elementary
2369,senior,연상의,intermediate
2370,sensation,감각,intermediate
2371,sense,감각,intermediate
2372,sensible,분별있는,intermediate
2373,sentence,문장,intermediate
2374,sentiment,정서,expert
2375,separate,분리된,intermediate
2376,sequence,연속,expert
2377,series,연속,intermediate
2378,serious,진지한,intermediate
2379,serve,섬기다,intermediate
2380,session,개회,intermediate
2381,settle,등받이가 높은 긴 의자 놓다,intermediate
2382,several,수개의,intermediate
2383,severe,호된,intermediate
2384,sew,꿰매다,intermediate
2385,sex,성,intermediate
2386,shade,그늘,intermediate
2387,shadow,그림자,intermediate
2388,shake,흔들어 움직이다,intermediate
2389,shall,au-하겠다,intermediate
2390,shallow,얕은 얕은 곳 얕아지다,intermediate
2391,shame,부끄럼,intermediate
2392,shape,모양,intermediate
2393,share,몫,intermediate
2394,sharp,날카로운,intermediate
2395,shave,깎다,intermediate
2396,she,그녀는,elementary
2397,sheep,양,intermediate
2398,sheet,깔천,intermediate
2399,shelf,선반,intermediate
2400,shell,겉껍질,intermediate
2401,shelter,피난처,expert
2402,shield,방패,expert
2403,shift,옮기다,intermediate
2404,shine,빛나다,intermediate
2405,ship,배,elementary
2406,shock,격돌,elementary
2407,shoe,구두,elementary
2408,shoot,쏘다,intermediate
2409,shop,상점,elementary
2410,shore,물가,intermediate
2411,short,짧은,elementary
2412,should,aushall의 과거,elementary
2413,shoulder,어깨,intermediate
2414,shout,외치다,intermediate
2415,show,보이다,elementary
2416,shower,소나기 빗발치듯 퍼붓다(쏟다),intermediate
2417,shrink,줄어들다,expert
2418,shut,닫다,intermediate
2419,shy,수줍은,elementary
2420,sick,병난,elementary
2421,side,쪽,elementary
2422,sigh,한숨,intermediate
2423,sight,광경,intermediate
2424,sign,부호,intermediate
2425,significant,중요한,intermediate
2426,silent,조용한,intermediate
2427,silk,비단,intermediate
2428,silly,어리석은 바보,intermediate
2429,silver,은,intermediate
2430,similar,유사한,intermediate
2431,simple,단일의,intermediate
2432,simulate,흉내내다,expert
2433,simultaneous,동시에 일어나는(존재하는),expert
2434,sin,사인,intermediate
2435,since,-이래,intermediate
2436,sing,노래하다,elementary
2437,single,단 하나의,intermediate
2438,sink,가라앉다,intermediate
2439,sister,여자형제,elementary
2440,sit,앉다,elementary
2441,site,부지,intermediate
2442,situation,장소,intermediate
2443,size,크기,elementary
2444,skill,숙련,intermediate
2445,skin,피부,elementary
2446,skip,도약,intermediate
2447,skirt,스커어트,elementary
2448,sky,하늘,elementary
2449,slaughter,도살,expert
2450,slave,노예 노예처럼 일하다,intermediate
2451,sleep,잠자다,elementary
2452,slice,얇은조각,intermediate
2453,slide,미끄러지다,intermediate
2454,slight,약간의,expert
2455,slim,호리호리한,intermediate
2456,slip,(때가)어느덧 지나가다,intermediate
2457,slope,비탈,expert
2458,slow,느린,elementary
2459,small,작은 작은 부분 적게,elementary
2460,smart,재치있는,elementary
2461,smash,박살내다,intermediate
2462,smell,냄새,elementary
2463,smile,미소짓다 미소,elementary
2464,smoke,연기,intermediate
2465,smooth,매끄러운,intermediate
2466,snake,뱀,intermediate
2467,snap,덥석 물다,intermediate
2468,sneak,몰래 움직이다,expert
2469,sniff,코를 킁킁거리다,expert
2470,snow,눈 눈이 내리다,elementary
2471,so,그와 같이,elementary
2472,soak,담그다,intermediate
2473,soap,비누 비누로 씻다,intermediate
2474,soccer,축구,elementary
2475,social,사회의,intermediate
2476,society,사회,intermediate
2477,sociology,사회학,intermediate
2478,sock,짧은 양말,elementary
2479,soft,부드러운,elementary
2480,software,소프트웨어,intermediate
2481,soil,흙,intermediate
2482,soldier,군인,intermediate
2483,sole,유일한 발바닥,expert
2484,solid,고체의,intermediate
2485,solo,독주,intermediate
2486,solve,해결하다,intermediate
2487,some,얼만가의,elementary
2488,somewhat,약간,intermediate
2489,son,아들,elementary
2490,song,노래,elementary
2491,soon,얼마 안 가서,intermediate
2492,sophisticated,물정에 닳고 닳은,expert
2493,sore,슬픈,intermediate
2494,sorry,가엾은,elementary
2495,sort,종류,intermediate
2496,soul,혼,intermediate
2497,sound,소리,elementary
2498,sour,시큼한 시어지다 시큼한 것,elementary
2499,source,원천,intermediate
2500,south,남쪽 남쪽의 남으로,elementary
2501,space,공간,elementary
2502,span,한 뼘,expert
2503,spare,여분의,intermediate
2504,spark,불꽃,intermediate
2505,speak,이야기하다,elementary
2506,special,특별한,intermediate
2507,species,종,intermediate
2508,specific,특정한,intermediate
2509,spectacle,광경,expert
2510,spectrum,스펙트럼,expert
2511,speech,연설,intermediate
2512,speed,속도,elementary
2513,spell,철자하다,intermediate
2514,spend,소비하다,intermediate
2515,sphere,구,expert
2516,spill,엎지르다,expert
2517,spin,잣다,intermediate
2518,spirit,정신,intermediate
2519,spit,침을 뱉다,expert
2520,spite,악의,expert
2521,splash,튀기다,expert
2522,split,쪼개다,expert
2523,spoil,망쳐놓다,intermediate
2524,spoon,숟가락,elementary
2525,spot,장소,intermediate
2526,spouse,배우자,expert
2527,spread,펴다,intermediate
2528,square,정사각형의,intermediate
2529,squeeze,압착하다,intermediate
2530,stable,안정된,intermediate
2531,stack,낟가리,expert
2532,stage,무대,intermediate
2533,stain,더럽히다,intermediate
2534,stairs,계단,intermediate
2535,stamp,도장,intermediate
2536,stand,서다,elementary
2537,standard,표준,intermediate
2538,stare,응시하다,intermediate
2539,start,시작하다,elementary
2540,starve,굶어 죽다,expert
2541,state,상태,intermediate
2542,station,역,intermediate
2543,statistic,통계의 통계량,expert
2544,statue,조상,intermediate
2545,status,신분,intermediate
2546,stay,머무르다,elementary
2547,steady,확고한,intermediate
2548,steal,훔치다,intermediate
2549,steam,증기,intermediate
2550,steel,강철,intermediate
2551,steep,가파른 -에 담그다 잠기다 담그기,expert
2552,stem,줄기,intermediate
2553,step,걷다,intermediate
2554,stick,나무토막,intermediate
2555,stiff,굳은,expert
2556,still,소리가 없는 아직(도),intermediate
2557,stimulate,자극하다,expert
2558,stir,휘젓다,expert
2559,stitch,한 바늘,expert
2560,stock,줄기,intermediate
2561,stomach,위,intermediate
2562,stone,돌,elementary
2563,stop,멈추다,elementary
2564,store,가게,elementary
2565,storm,폭풍,intermediate
2566,story,층,elementary
2567,stove,stave의 과거(분사),intermediate
2568,straight,곧은,intermediate
2569,strain,잡아당기다,expert
2570,strange,이상한,intermediate
2571,strategy,용병학,intermediate
2572,straw,짚,intermediate
2573,strawberry,딸기,elementary
2574,stream,시내,intermediate
2575,street,거리,elementary
2576,stress,압박,elementary
2577,stretch,뻗치다,intermediate
2578,strict,엄중한,intermediate
2579,strike,치다,intermediate
2580,string,끈,intermediate
2581,strip,벗기다,expert
2582,stripe,줄무늬,intermediate
2583,stroke,한번치기,expert
2584,strong,강한,elementary
2585,structure,구조,intermediate
2586,struggle,버둥거리다,intermediate
2587,student,학생,elementary
2588,study,학문,elementary
2589,stuff,재료,intermediate
2590,subject,복종시키다,intermediate
2591,subjective,주관의,expert
2592,submarine,잠수함,intermediate
2593,submit,복종시키다,expert
2594,subscribe,서명승락하다,expert
2595,substance,물질,expert
2596,substantial,실체의,expert
2597,substitute,대용하다 대신하다 대리(인),expert
2598,subtle,미묘한,expert
2599,suburb,교외,intermediate
2600,subway,지하도,elementary
2601,succeed,성공하다,intermediate
2602,such,이러한,intermediate
2603,suck,빨다,expert
2604,sudden,별안간의,intermediate
2605,suffer,경험하다,intermediate
2606,sufficient,충분한,intermediate
2607,sugar,설탕,elementary
2608,suggest,암시하다,intermediate
2609,suicide,자살 자살하다,intermediate
2610,suit,소송,intermediate
2611,suite,수행원,expert
2612,sum,총계,intermediate
2613,summary,요약,intermediate
2614,summit,꼭대기,intermediate
2615,sun,태양,elementary
2616,super,임시고용배우,intermediate
2617,superb,장려한,intermediate
2618,superior,뛰어난,intermediate
2619,supervise,감독하다,expert
2620,supper,저녁식사,elementary
2621,supplement,부록,expert
2622,supply,공급하다,intermediate
2623,support,지탱하다,intermediate
2624,suppose,상상하다,intermediate
2625,sure,"확신하는, 확실한 , 틀림없는",intermediate
2626,surface,표면,intermediate
2627,surgery,외과,intermediate
2628,surprise,놀람,intermediate
2629,surrender,넘겨주다,expert
2630,surround,에워싸다,intermediate
2631,survey,둘러보다,intermediate
2632,survive,살아 남다,intermediate
2633,suspect,짐작하다,intermediate
2634,suspend,매달다,expert
2635,sustain,떠받치다,expert
2636,swallow,삼키다,intermediate
2637,swear,맹세하다,expert
2638,sweat,땀,intermediate
2639,sweep,청소하다,expert
2640,sweet,단,intermediate
2641,swell,부풀다,expert
2642,swift,빠른,expert
2643,swim,헤엄치다,elementary
2644,swing,흔들리다,intermediate
2645,switch,회초리,intermediate
2646,symbol,상징,intermediate
2647,sympathy,동정,intermediate
2648,symphony,교향곡,intermediate
2649,symptom,조짐,intermediate
2650,system,조직,intermediate
2651,table,테이블,elementary
2652,tackle,고패,intermediate
2653,tag,손잡이가죽,intermediate
2654,tail,꼬리,elementary
2655,take,잡다,elementary
2656,tale,이야기,intermediate
2657,talent,재주,intermediate
2658,talk,말하다,elementary
2659,tall,키큰,elementary
2660,tap,가볍게 치기,intermediate
2661,tape,테이프,elementary
2662,target,과녁,intermediate
2663,task,일,intermediate
2664,taste,맛,elementary
2665,tattoo,귀영나팔,intermediate
2666,tax,세금,intermediate
2667,tea,차,intermediate
2668,teach,가르치다,elementary
2669,tear,눈물,intermediate
2670,tease,괴롭히다,expert
2671,teen,슬픔,elementary
2672,teenage,10대,intermediate
2673,telegraph,전신,expert
2674,telephone,전화,elementary
2675,tell,말하다,elementary
2676,temperature,온도,intermediate
2677,temple,관자놀이,intermediate
2678,temporary,일시적인,expert
2679,tempt,유혹하다,expert
2680,tenant,차지인,expert
2681,tend,(-의)경향이 있다,intermediate
2682,tender,제공,intermediate
2683,tense,시제,intermediate
2684,term,기간,intermediate
2685,terminal,종점의,intermediate
2686,terminate,끝내다,expert
2687,terrace,계단모양의 뜰(광장),expert
2688,terrible,무시무시한,intermediate
2689,terrific,무서운,intermediate
2690,territory,영토,intermediate
2691,test,시험,elementary
2692,testify,증명하다,expert
2693,text,원문,intermediate
2694,textbook,교과서,elementary
2695,than,-보다도,elementary
2696,thank,감사하다 감사,elementary
2697,that,저,elementary
2698,the,art.저,elementary
2699,theater,theatre 극장,intermediate
2700,theme,논제,intermediate
2701,then,그때,intermediate
2702,theory,이론,intermediate
2703,therapy,치료법,expert
2704,there,거기에,elementary
2705,therefore,그런 까닭에,intermediate
2706,they,그들,elementary
2707,thick,두꺼운,intermediate
2708,thief,도둑,intermediate
2709,thin,얇은,intermediate
2710,thing,물건,elementary
2711,think,생각하다,elementary
2712,thirst,갈증,elementary
2713,this,이,elementary
2714,thorough,완전한,intermediate
2715,though,-임에도 불구하고 그러나,intermediate
2716,thousand,천,intermediate
2717,thread,실,expert
2718,threat,협박,intermediate
2719,thrill,오싹하다 오싹함,intermediate
2720,throat,목,intermediate
2721,through,(-을)통하여 통하여 직통의,intermediate
2722,throw,던지다,intermediate
2723,thumb,엄지손가락 엄지손가락으로 만지다,intermediate
2724,thus,이렇게,intermediate
2725,tick,시계소리,expert
2726,tide,조수,intermediate
2727,tidy,말쑥한,intermediate
2728,tie,매다,intermediate
2729,tiger,호랑이,elementary
2730,tight,단단한,intermediate
2731,till,-까지,intermediate
2732,timber,재목,expert
2733,time,때,elementary
2734,tin,주석,intermediate
2735,tiny,자그마한,intermediate
2736,tip,끝,intermediate
2737,tire,피로하게 하다,intermediate
2738,tissue,조직,intermediate
2739,title,표제,intermediate
2740,to,-로,elementary
2741,tobacco,담배,intermediate
2742,today,오늘은,elementary
2743,toe,발가락,intermediate
2744,together,같이,elementary
2745,toilet,화장실,intermediate
2746,tomorrow,내일(은),elementary
2747,tone,음조,intermediate
2748,tongue,혀,intermediate
2749,tonight,오늘밤에 오늘밤,elementary
2750,too,(-도)또한,elementary
2751,tool,사용세,intermediate
2752,tooth,이,elementary
2753,top,정상,elementary
2754,torture,고문,expert
2755,toss,던지다,intermediate
2756,total,총계 전체의 합계하다,intermediate
2757,touch,닿다,elementary
2758,tough,단단한,intermediate
2759,tour,일주,elementary
2760,toward,-쪽으로,intermediate
2761,tower,탑,elementary
2762,town,읍,elementary
2763,toxic,독의,intermediate
2764,toy,장난감 장난하다,elementary
2765,trace,발자국,intermediate
2766,trade,매매,intermediate
2767,tradition,전설,intermediate
2768,traffic,교통,intermediate
2769,tragic,비극의,intermediate
2770,trail,질질 끌다,expert
2771,train,기차,elementary
2772,transact,처리하다,expert
2773,transfer,옮기다,intermediate
2774,transform,"변형(변용,변태)시키다",intermediate
2775,transition,변천,expert
2776,translate,번역하다,intermediate
2777,transmit,보내다,expert
2778,transport,수송(운송)하다,intermediate
2779,trap,덫,intermediate
2780,travel,여행하다,elementary
2781,tray,쟁반,intermediate
2782,treasure,보물,intermediate
2783,treat,대우하다,intermediate
2784,treaty,조약,expert
2785,tree,나무,elementary
2786,tremendous,무서운,expert
2787,trend,방향,intermediate
2788,trial,시험,intermediate
2789,triangle,각형,elementary
2790,tribe,종족,intermediate
2791,trick,책략,intermediate
2792,trigger,방아쇠 재빠른,expert
2793,trim,산뜻한 정돈하다,expert
2794,trip,여행,elementary
2795,triumph,승리,intermediate
2796,troop,대,intermediate
2797,trophy,전리품,intermediate
2798,trouble,고생,intermediate
2799,trouser,즈봉,intermediate
2800,TRUE,진실,elementary
2801,trunk,줄기,intermediate
2802,trust,신용,intermediate
2803,truth,진리,intermediate
2804,try,시험해보다,elementary
2805,tube,관,intermediate
2806,tune,곡,intermediate
2807,tunnel,터널,intermediate
2808,turn,돌리다,elementary
2809,turnover,전복,expert
2810,tutor,가정교사,intermediate
2811,twice,두 번,elementary
2812,twin,쌍동이,intermediate
2813,twist,꼬이다,intermediate
2814,type,형,elementary
2815,typical,전형적인,intermediate
2816,ugly,추한,elementary
2817,ultimate,최후의,intermediate
2818,umbrella,우산,elementary
2819,uncle,아저씨,elementary
2820,under,-아래에,elementary
2821,undergo,(영향 등을)받다,expert
2822,underlie,-의 밑에 있다,expert
2823,undermine,-밑을 파다,expert
2824,understand,이해하다,elementary
2825,undertake,떠맡다,expert
2826,uniform,한결같은,intermediate
2827,unify,하나로 하다,intermediate
2828,union,결합,intermediate
2829,unique,유일무이한,intermediate
2830,unit,단위,intermediate
2831,unite,결합하다,intermediate
2832,universe,우주,intermediate
2833,university,종합대학(교) 대학의(에 관계 있는),intermediate
2834,unless,-하지 않으면,intermediate
2835,until,-까지,intermediate
2836,up,위로,elementary
2837,update,새롭게 하다 최신정보,intermediate
2838,upon,-의 위에,intermediate
2839,upper,위쪽의,intermediate
2840,upset,뒤집어 엎다,intermediate
2841,upward,위로 향한,intermediate
2842,urban,도시의,intermediate
2843,urge,몰아대다,intermediate
2844,urgent,긴급한,intermediate
2845,use,쓰다,elementary
2846,usual,평소의,intermediate
2847,utilize,-을 이용하다,expert
2848,utter,전적인,expert
2849,vacation,휴가,intermediate
2850,vacuum,진공,intermediate
2851,vague,막연한,expert
2852,valid,유효한,expert
2853,valley,골짜기,intermediate
2854,value,가치,intermediate
2855,van,유개트럭,intermediate
2856,vanish,자취를 감추다,expert
2857,various,가지가지의,intermediate
2858,vary,바꾸다,intermediate
2859,vast,"광대한, 광막한 막대한",intermediate
2860,vegetable,"식물  야채, 푸성귀, 남새, 채소",elementary
2861,vehicle,"운반 기구, 운송 수단,  수레, 차량, 탈것",intermediate
2862,venture,모험,intermediate
2863,verbal,"말의, 말에 관한, 언어상의, 말로 나타낸, 말로 된",expert
2864,verse,"시의 한 줄, 시구  일련의 시구",expert
2865,version,"번역, 번역문 개작, 각색, 번안",intermediate
2866,versus,"…대, …에 대한",intermediate
2867,vertical,"수평면에 직각인, 수직의",expert
2868,very,매우,elementary
2869,vessel,그릇,expert
2870,veteran,"노련가, 경험 많은 대가, 베테랑",expert
2871,veterinarian,수의사,expert
2872,via,"…을 거쳐, …을 경유하여",intermediate
2873,vice,"악덕,  비행, 타락 행위",expert
2874,victim,"희생, 산 제물, 인신 제물",intermediate
2875,victory,"승리, 전승",intermediate
2876,view,"봄, 관찰, 개관, 실지 검증  보는 힘, 시계, 시야",intermediate
2877,vigorous,"정력적인, 강건한, 활기 있는, 격렬한",expert
2878,village,"마을, 촌락",intermediate
2879,violent,"격렬한, 맹렬한",intermediate
2880,virgin,"처녀, 동정녀, 미혼 여성, 동정녀 마리아",expert
2881,virtual,"사실상의, 실질상의, 실제의  허상의",expert
2882,virtue,"덕, 덕행, 선, 선행",expert
2883,visible,"눈에 보이는,  볼 수 있는",intermediate
2884,visit,"방문하다, …의 손님으로 묵다",elementary
2885,visual,"시각의, 물건을 보기 위한",intermediate
2886,vital,"생명의, 생명에 관한, 생명유지에 필요한, 살아 있는",expert
2887,vivid,"발랄한, 약동적인, 힘찬, 생기있는",expert
2888,vocabulary,"어휘, 용어수, 용어 범위",intermediate
2889,vocation,"천직, 사명 직업, 생업, 장사  적성, 소질, 재능",expert
2890,voice,"목소리, 음성, 음성",elementary
2891,volume,책  권,intermediate
2892,voluntary,"자발적인, 수의의",intermediate
2893,vote,"찬부 표시, 투표, 표결",intermediate
2894,voyage,여행,intermediate
2895,wage,임금,intermediate
2896,wagon,짐마차,expert
2897,wait,기다리다,elementary
2898,wake,잠깨다,elementary
2899,walk,걷다,elementary
2900,wall,벽,elementary
2901,wander,헤매다,expert
2902,want,결핍,elementary
2903,war,전쟁,elementary
2904,warehouse,창고,expert
2905,warm,따뜻한,elementary
2906,warn,경고하다,intermediate
2907,warrant,보증하다 보증,expert
2908,warrior,병사,expert
2909,wash,씻다,elementary
2910,waste,낭비하다,intermediate
2911,watch,손목시계,elementary
2912,water,물,elementary
2913,watermelon,수박,elementary
2914,wave,물결,intermediate
2915,way,길,elementary
2916,we,우리가,elementary
2917,weak,약한,intermediate
2918,wealth,재산,intermediate
2919,weapon,무기,intermediate
2920,wear,입다,elementary
2921,weather,날씨,elementary
2922,weave,짜다,expert
2923,wedding,혼례,elementary
2924,weed,잡초 잡초를 뽑다,expert
2925,week,주,elementary
2926,weekend,주말 주말의 주말을 지내다,elementary
2927,weigh,무게를 달다,intermediate
2928,weight,무게,elementary
2929,weird,불가사의한,intermediate
2930,welcome,환영 환영받는,elementary
2931,welfare,행복,intermediate
2932,well,잘,elementary
2933,west,서쪽,elementary
2934,wet,축축한,elementary
2935,whale,고래,intermediate
2936,what,무엇 무슨,elementary
2937,wheat,밀,intermediate
2938,wheel,바퀴,intermediate
2939,when,언제,elementary
2940,where,어디에 (-하는)곳에 pr.어디 (문제의)장소,elementary
2941,whereas,cnj.(-인)까닭에,expert
2942,whether,인지 어떤지,intermediate
2943,which,어느 쪽,intermediate
2944,while,동안 -하는 동안,intermediate
2945,whip,채찍 채찍질하다,expert
2946,whisper,속삭이다,intermediate
2947,whistle,휘파람,intermediate
2948,white,흰,elementary
2949,who,누구,elementary
2950,whole,전체의,intermediate
2951,why,왜,elementary
2952,wicked,사악한,expert
2953,wide,폭넓은,intermediate
2954,widespread,널리 보급되어 있는,intermediate
2955,widow,미망인,expert
2956,wife,아내,elementary
2957,wild,야생의,intermediate
2958,will,의지,elementary
2959,win,이기다,elementary
2960,wind,바람,elementary
2961,window,창,elementary
2962,wing,날개,intermediate
2963,wipe,닦다,intermediate
2964,wire,철사,intermediate
2965,wise,슬기로운,intermediate
2966,wish,바라다,elementary
2967,wit,기지,intermediate
2968,with,함께,elementary
2969,withdraw,물러나다,expert
2970,within,prop.-의 안쪽에 안으로 내부,intermediate
2971,without,prop.-없이 밖은,intermediate
2972,witness,증언,intermediate
2973,woman,부인,elementary
2974,wonder,경이,intermediate
2975,wood,숲,elementary
2976,wool,양모,intermediate
2977,word,낱말,elementary
2978,work,일,elementary
2979,world,세계,elementary
2980,worry,근심하다,elementary
2981,worship,숭배,intermediate
2982,worth,가치가 있는 가치,intermediate
2983,would,auwill의 과거,intermediate
2984,wound,부상,intermediate
2985,wrap,싸다,intermediate
2986,wreck,난파,expert
2987,write,쓰다,elementary
2988,wrong,나쁜,elementary
2989,year,연,elementary
2990,yell,고함치다,intermediate
2991,yellow,황색의 황색,elementary
2992,yes,예,elementary
2993,yesterday,어제,elementary
2994,yet,아직,intermediate
2995,yield,산출하다,expert
2996,you,당신,elementary
2997,young,젊은,elementary
2998,zebra,얼룩말,elementary
2999,zone,대,intermediate
3000,zoo,동물원,elementary
